,index,Star,Scan,JD,CHARA_num,wl,v2,v2c,v2sig,v2exp,flux,T1,T2,File,sp_freq,sp_freq_sample,pa,corr_v2,corr_v2c,corr_v2sig,cal_v2,cal_v2sig,u,v
1,49,HD_28024,27,7956.8906,42842,0.7857,0.009564,0.002675,0.000418,0.9532,5672.0,W2,S2,211014_27_HD_28024.pav,217388462.03800413,217388462.03800413,98.72778053448546,0.015818952739778555,0.0028063365505665125,0.0004385228703315149,0.26842488004686693,0.011905562246585823,-25917527.454046477,168824299.58523726
2,50,HD_28024,27,7956.8906,42842,0.7779,0.01094,0.002595,0.000422,0.9536,5979.5,W2,S2,211014_27_HD_28024.pav,219568215.22465593,219568215.22465593,98.72778053448546,0.01820987354683238,0.00272126677852349,0.0004425335570469799,0.24490999152511636,0.008557901000175278,-25917527.454046477,168824299.58523726
3,51,HD_28024,27,7956.8906,42842,0.7706,0.011346,0.002839,0.000445,0.9536,5968.8,W2,S2,211014_27_HD_28024.pav,221648215.1872046,221648215.1872046,98.72778053448546,0.019007996476128018,0.0029771392617449666,0.00046665268456375834,0.22499072889465976,0.015387775331647025,-25917527.454046477,168824299.58523726
4,52,HD_28024,27,7956.8906,42842,0.7633,0.010199,0.002621,0.000409,0.9532,6126.2,W2,S2,211014_27_HD_28024.pav,223768000.29249293,223768000.29249293,98.72778053448546,0.017206537715920126,0.002749685270667226,0.00042908099034830047,0.23284603888729283,0.008767490215632811,-25917527.454046477,168824299.58523726
5,53,HD_28024,27,7956.8906,42842,0.7564,0.00879,0.002096,0.000378,0.9517,6522.1,W2,S2,211014_27_HD_28024.pav,225809247.2544419,225809247.2544419,98.72778053448546,0.01494707375899102,0.0022023746979090053,0.00039718398655038355,0.2124017809762864,0.008431483252646144,-25917527.454046477,168824299.58523726
6,54,HD_28024,27,7956.8906,42842,0.7496,0.00626,0.001724,0.000348,0.9508,7196.6,W2,S2,211014_27_HD_28024.pav,227857676.92537332,227857676.92537332,98.72778053448546,0.010722958364522873,0.001813209928481279,0.000366007572570467,0.21188856138719592,0.01836668963174449,-25917527.454046477,168824299.58523726
7,55,HD_28024,27,7956.8906,42842,0.7428,0.004614,0.001204,0.000316,0.9509,7639.7,W2,S2,211014_27_HD_28024.pav,229943611.50142682,229943611.50142682,98.72778053448546,0.007953991693524946,0.0012661688926280366,0.0003323167525502156,0.22287060566683328,0.018894561838055754,-25917527.454046477,168824299.58523726
8,56,HD_28024,27,7956.8906,42842,0.736,0.004307,0.000968,0.000279,0.9507,8290.0,W2,S2,211014_27_HD_28024.pav,232068090.52073348,232068090.52073348,98.72778053448546,0.007475366581232433,0.0010181971179131168,0.0002934679709687599,0.22725569595751136,0.013247268437581694,-25917527.454046477,168824299.58523726
12,60,HD_28024,27,7956.8906,42842,0.7095,0.004856,0.001281,0.000295,0.9502,9337.1,W2,S2,211014_27_HD_28024.pav,240735890.94187433,240735890.94187433,98.72778053448546,0.008662217319089989,0.0013481372342664703,0.0003104609555882972,0.18875541817689817,0.00862011256322353,-25917527.454046477,168824299.58523726
13,61,HD_28024,27,7956.8906,42842,0.7035,0.007103,0.001763,0.000286,0.9498,9714.4,W2,S2,211014_27_HD_28024.pav,242789075.51280716,242789075.51280716,98.72778053448546,0.012756688718363659,0.0018561802484733628,0.000301116024426195,0.16616290053196434,0.005503395409264521,-25917527.454046477,168824299.58523726
14,62,HD_28024,27,7956.8906,42842,0.6977,0.007797,0.001867,0.000294,0.9499,9933.5,W2,S2,211014_27_HD_28024.pav,244807388.02244496,244807388.02244496,98.72778053448546,0.014089076949185817,0.0019654700494788927,0.0003095062638172439,0.14956169675575748,0.003860569754690815,-25917527.454046477,168824299.58523726
15,63,HD_28024,27,7956.8906,42842,0.6918,0.008808,0.002145,0.000311,0.9497,9376.0,W2,S2,211014_27_HD_28024.pav,246895222.0631105,246895222.0631105,98.72778053448546,0.01602230777929814,0.002258607981467832,0.00032747183321048755,0.1519147666134765,0.0038286786853980632,-25917527.454046477,168824299.58523726
16,64,HD_28024,27,7956.8906,42842,0.686,0.008514,0.001918,0.000325,0.9497,9385.0,W2,S2,211014_27_HD_28024.pav,248982674.37792978,248982674.37792978,98.72778053448546,0.015587699043913349,0.002019585132146994,0.0003422133305254291,0.1409980745598728,0.007816024293175865,-25917527.454046477,168824299.58523726
17,65,HD_28024,27,7956.8906,42842,0.6804,0.008053,0.001925,0.00033,0.9496,9437.4,W2,S2,211014_27_HD_28024.pav,251031914.49626666,251031914.49626666,98.72778053448546,0.014838524481128537,0.0020271693344566136,0.00034751474304970515,0.13937951475115076,0.0038015118165749717,-25917527.454046477,168824299.58523726
18,66,HD_28024,27,7956.8906,42842,0.675,0.007362,0.001502,0.000329,0.9491,9554.9,W2,S2,211014_27_HD_28024.pav,253040169.8122368,253040169.8122368,98.72778053448546,0.013656669632706241,0.0015825518912654093,0.00034664418923190387,0.1367732907463835,0.004868986113849311,-25917527.454046477,168824299.58523726
19,67,HD_28024,27,7956.8906,42842,0.6697,0.006278,0.001461,0.000354,0.9465,8989.8,W2,S2,211014_27_HD_28024.pav,255042727.5246526,255042727.5246526,98.72778053448546,0.011750000482835756,0.001543581616481775,0.00037400950871632326,0.10796694190189132,0.005810891815866611,-25917527.454046477,168824299.58523726
20,68,HD_28024,27,7956.8906,42842,0.6643,0.006324,0.000955,0.000413,0.9439,9042.3,W2,S2,211014_27_HD_28024.pav,257115933.49881053,257115933.49881053,98.72778053448546,0.011944444973804608,0.0010117597203093548,0.00043754635024896706,0.1065890263670903,0.004541329974665602,-25917527.454046477,168824299.58523726
21,69,HD_28024,27,7956.8906,42842,0.659,0.005987,0.001151,0.000378,0.9418,8971.5,W2,S2,211014_27_HD_28024.pav,259183785.4677691,259183785.4677691,98.72778053448546,0.011405351388094178,0.0012221278403057973,0.00040135909959651734,0.10635651907720628,0.004083143563041564,-25917527.454046477,168824299.58523726
22,70,HD_28024,27,7956.8906,42842,0.6536,0.005858,0.001623,0.000371,0.9407,8850.3,W2,S2,211014_27_HD_28024.pav,261325144.7724294,261325144.7724294,98.72778053448546,0.011246206335328522,0.0017253109386626982,0.00039438715849899014,0.11084114384186716,0.004307553003876501,-25917527.454046477,168824299.58523726
23,71,HD_28024,27,7956.8906,42842,0.6485,0.005851,0.00131,0.000446,0.9397,8108.1,W2,S2,211014_27_HD_28024.pav,263380284.6927677,263380284.6927677,98.72778053448546,0.011315568875411118,0.0013940619346599979,0.0004746195594338619,0.09920252374424901,0.004559379964996922,-25917527.454046477,168824299.58523726
24,72,HD_28024,27,7956.8906,42842,0.6436,0.005096,0.000792,0.000442,0.9397,8213.6,W2,S2,211014_27_HD_28024.pav,265385510.60170892,265385510.60170892,98.72778053448546,0.009916069537616803,0.0008428221772906247,0.0004703628817707779,0.08500893505194769,0.004285608926113169,-25917527.454046477,168824299.58523726
25,73,HD_28024,27,7956.8906,42842,0.6389,0.004517,0.000706,0.000405,0.9402,8233.8,W2,S2,211014_27_HD_28024.pav,267337790.92699927,267337790.92699927,98.72778053448546,0.00883718735468368,0.0007509040629653266,0.00043075941289087423,0.0888785844035563,0.006119078268421212,-25917527.454046477,168824299.58523726
26,74,HD_28024,27,7956.8906,42842,0.6345,0.003528,0.000472,0.000465,0.9419,8055.7,W2,S2,211014_27_HD_28024.pav,269191670.0130179,269191670.0130179,98.72778053448546,0.006928823873866925,0.000501114768022083,0.0004936829812081962,0.08208194935897001,0.007447134131301034,-25917527.454046477,168824299.58523726
27,75,HD_28024,27,7956.8906,42842,0.63,0.002898,1.1e-05,0.000516,0.9439,7613.6,W2,S2,211014_27_HD_28024.pav,271114467.655968,271114467.655968,98.72778053448546,0.005712847545694823,1.16537768831444e-05,0.0005466680792456828,0.08592747997854404,0.011027436679555093,-25917527.454046477,168824299.58523726
28,124,HD_28024,13,7957.8718,42842,0.7935,0.009496,0.003003,0.000587,0.9421,4166.6,W2,S2,211015_13_HD_28024.pav,214564130.7661799,214564130.7661799,94.9487407279758,0.015707811151204912,0.0031875597070374693,0.0006230761065704277,0.27042145602925993,0.01543877385904666,-14687098.502344102,169621967.44505557
29,125,HD_28024,13,7957.8718,42842,0.7857,0.013569,0.003206,0.000572,0.943,4460.4,W2,S2,211015_13_HD_28024.pav,216694206.1384291,216694206.1384291,94.9487407279758,0.02257162743980688,0.003399787910922588,0.000606574761399788,0.2460850340040032,0.009293253750743342,-14687098.502344102,169621967.44505557
30,126,HD_28024,13,7957.8718,42842,0.7779,0.01559,0.004857,0.000624,0.9438,4706.2,W2,S2,211015_13_HD_28024.pav,218866998.02412102,218866998.02412102,94.9487407279758,0.026086160628788185,0.005146217418944692,0.0006611570247933885,0.2105840151004268,0.006667121576820271,-14687098.502344102,169621967.44505557
31,127,HD_28024,13,7957.8718,42842,0.7706,0.017138,0.004923,0.000677,0.9452,4682.2,W2,S2,211015_13_HD_28024.pav,220940355.259491,220940355.259491,94.9487407279758,0.02881774673949002,0.0052084214980956415,0.0007162505289885737,0.18895879578754415,0.005682774526970022,-14687098.502344102,169621967.44505557
32,128,HD_28024,13,7957.8718,42842,0.7633,0.015877,0.004537,0.000589,0.9486,4810.7,W2,S2,211015_13_HD_28024.pav,223053370.5790171,223053370.5790171,94.9487407279758,0.0267758541146559,0.004782837866329328,0.0006209150326797386,0.19774861512089242,0.005817294446029292,-14687098.502344102,169621967.44505557
33,129,HD_28024,13,7957.8718,42842,0.7564,0.01298,0.003795,0.000522,0.9525,5112.0,W2,S2,211015_13_HD_28024.pav,225088098.57610226,225088098.57610226,94.9487407279758,0.021938271091231656,0.003984251968503937,0.0005480314960629922,0.18146632137745788,0.005527881109397398,-14687098.502344102,169621967.44505557
34,130,HD_28024,13,7957.8718,42842,0.7496,0.009639,0.002778,0.000444,0.9554,5629.8,W2,S2,211015_13_HD_28024.pav,227129986.34333476,227129986.34333476,94.9487407279758,0.016344681673618553,0.0029076826460121413,0.00046472681599330124,0.16945828446765915,0.0057737364963533514,-14687098.502344102,169621967.44505557
35,131,HD_28024,13,7957.8718,42842,0.7428,0.006491,0.001615,0.000473,0.9561,5986.9,W2,S2,211015_13_HD_28024.pav,229209259.23931575,229209259.23931575,94.9487407279758,0.011069496802909385,0.0016891538541993515,0.0004947181257190671,0.15797272232383733,0.00822713150818495,-14687098.502344102,169621967.44505557
36,132,HD_28024,13,7957.8718,42842,0.736,0.005705,0.000997,0.000449,0.9565,6484.2,W2,S2,211015_13_HD_28024.pav,231326953.4822877,231326953.4822877,94.9487407279758,0.009788948306708671,0.0010423418714061684,0.00046941975953998955,0.13931033967214998,0.007479422554947549,-14687098.502344102,169621967.44505557
37,133,HD_28024,13,7957.8718,42842,0.7292,0.007383,0.002297,0.0004,0.9565,6810.9,W2,S2,211015_13_HD_28024.pav,233484143.9426272,233484143.9426272,94.9487407279758,0.012752716547421923,0.0024014636696288554,0.0004181913225300575,0.14739656485019897,0.005513190938444611,-14687098.502344102,169621967.44505557
38,134,HD_28024,13,7957.8718,42842,0.7223,0.007226,0.002191,0.000391,0.956,7137.7,W2,S2,211015_13_HD_28024.pav,235714575.33291394,235714575.33291394,94.9487407279758,0.012574324581817323,0.0022918410041841003,0.0004089958158995816,0.17043693832377607,0.006464185403468032,-14687098.502344102,169621967.44505557
39,135,HD_28024,13,7957.8718,42842,0.7159,0.006259,0.001581,0.000394,0.955,7135.6,W2,S2,211015_13_HD_28024.pav,237821815.5649724,237821815.5649724,94.9487407279758,0.010974230661664535,0.001655497382198953,0.000412565445026178,0.1668435403672649,0.007342827320510829,-14687098.502344102,169621967.44505557
40,136,HD_28024,13,7957.8718,42842,0.7095,0.008184,0.001732,0.000401,0.9549,7484.5,W2,S2,211015_13_HD_28024.pav,239967072.25223923,239967072.25223923,94.9487407279758,0.01444610934963778,0.001813802492407582,0.000419939260655566,0.14244094680477343,0.004569774436812044,-14687098.502344102,169621967.44505557
41,137,HD_28024,13,7957.8718,42842,0.7035,0.012569,0.002398,0.000419,0.9548,7753.3,W2,S2,211015_13_HD_28024.pav,242013699.73413467,242013699.73413467,94.9487407279758,0.02232902515902545,0.002511520737327189,0.0004388353581901969,0.1444155109411986,0.003263425355598069,-14687098.502344102,169621967.44505557
42,138,HD_28024,13,7957.8718,42842,0.6977,0.014217,0.002859,0.000415,0.9547,7874.0,W2,S2,211015_13_HD_28024.pav,244025566.52280888,244025566.52280888,94.9487407279758,0.025416655017200605,0.002994658007751126,0.00043469152613386403,0.1387787429360004,0.0028150521205994343,-14687098.502344102,169621967.44505557
43,139,HD_28024,13,7957.8718,42842,0.6918,0.015943,0.003391,0.000498,0.954,7430.9,W2,S2,211015_13_HD_28024.pav,246106732.81723583,246106732.81723583,94.9487407279758,0.028706243323226827,0.0035545073375262055,0.0005220125786163522,0.12412092676125415,0.0025775578729551104,-14687098.502344102,169621967.44505557
44,140,HD_28024,13,7957.8718,42842,0.686,0.013994,0.003505,0.000488,0.9539,7505.4,W2,S2,211015_13_HD_28024.pav,248187518.6049034,248187518.6049034,94.9487407279758,0.025361333973977433,0.0036743893489883635,0.0005115840234825454,0.11036775343022592,0.0024785353212538525,-14687098.502344102,169621967.44505557
45,141,HD_28024,13,7957.8718,42842,0.6804,0.01403,0.003484,0.000467,0.954,7615.5,W2,S2,211015_13_HD_28024.pav,250230214.23128122,250230214.23128122,94.9487407279758,0.025584255222412578,0.0036519916142557654,0.000489517819706499,0.11710162325493853,0.0024900052410352686,-14687098.502344102,169621967.44505557
46,142,HD_28024,13,7957.8718,42842,0.675,0.013221,0.002539,0.000417,0.9551,7719.0,W2,S2,211015_13_HD_28024.pav,252232055.94513145,252232055.94513145,94.9487407279758,0.02422934468537225,0.0026583603811119257,0.0004366034970160193,0.11329276749759837,0.002298588387959037,-14687098.502344102,169621967.44505557
47,143,HD_28024,13,7957.8718,42842,0.6697,0.013718,0.002639,0.000554,0.9564,7211.6,W2,S2,211015_13_HD_28024.pav,254228218.25140175,254228218.25140175,94.9487407279758,0.02526017223320152,0.002759305729820159,0.0005792555416143873,0.10508977908727302,0.002608966522261184,-14687098.502344102,169621967.44505557
48,144,HD_28024,13,7957.8718,42842,0.6643,0.012161,0.002302,0.000542,0.9581,7223.3,W2,S2,211015_13_HD_28024.pav,256294803.19579068,256294803.19579068,94.9487407279758,0.022495437625294868,0.0024026719549107606,0.0005657029537626552,0.0969049939457414,0.0026208737878701135,-14687098.502344102,169621967.44505557
49,145,HD_28024,13,7957.8718,42842,0.659,0.011728,0.002205,0.000498,0.9588,7210.2,W2,S2,211015_13_HD_28024.pav,258356051.2336324,258356051.2336324,94.9487407279758,0.02181554200412095,0.002299749687108886,0.0005193992490613266,0.0951291001856397,0.0024659970882476394,-14687098.502344102,169621967.44505557
50,146,HD_28024,13,7957.8718,42842,0.6536,0.009843,0.001573,0.000512,0.9588,7157.1,W2,S2,211015_13_HD_28024.pav,260490571.85275972,260490571.85275972,94.9487407279758,0.018429048005562252,0.0016405924071756363,0.0005340008343763037,0.08737200276877186,0.0027099219221374577,-14687098.502344102,169621967.44505557
51,147,HD_28024,13,7957.8718,42842,0.6485,0.011709,0.001689,0.00058,0.9576,6518.9,W2,S2,211015_13_HD_28024.pav,262539148.4394198,262539148.4394198,94.9487407279758,0.022087915614181254,0.0017637844611528822,0.0006056808688387636,0.09149197784832858,0.0027257714130648905,-14687098.502344102,169621967.44505557
52,148,HD_28024,13,7957.8718,42842,0.6436,0.010543,0.001687,0.000567,0.9578,6567.1,W2,S2,211015_13_HD_28024.pav,264537970.42101267,264537970.42101267,94.9487407279758,0.020005494880403735,0.0017613280434328668,0.0005919816245562749,0.09079756160478268,0.002884971172407838,-14687098.502344102,169621967.44505557
53,149,HD_28024,13,7957.8718,42842,0.6389,0.010056,0.001738,0.000654,0.9572,6616.7,W2,S2,211015_13_HD_28024.pav,266484015.90697095,266484015.90697095,94.9487407279758,0.019206888964140516,0.0018157124947764311,0.0006832427914751358,0.09966807447942598,0.0037456557669195045,-14687098.502344102,169621967.44505557
54,150,HD_28024,13,7957.8718,42842,0.6345,0.00698,0.001196,0.000638,0.955,6517.8,W2,S2,211015_13_HD_28024.pav,268331974.40971434,268331974.40971434,94.9487407279758,0.013437606078583412,0.0012523560209424084,0.0006680628272251309,0.0830313271323546,0.004260621699780998,-14687098.502344102,169621967.44505557
55,151,HD_28024,13,7957.8718,42842,0.63,0.005159,0.001457,0.000655,0.9502,6253.4,W2,S2,211015_13_HD_28024.pav,270248631.3697837,270248631.3697837,94.9487407279758,0.010040264732697684,0.001533361397600505,0.0006893285624079141,0.0792947310226363,0.005626055055253831,-14687098.502344102,169621967.44505557
57,201,HD_28024,18,7957.8885,42842,0.7857,0.013921,0.005404,0.000444,0.9617,5358.8,W2,S2,211015_18_HD_28024.pav,217422725.67135462,217422725.67135462,98.87434322709973,0.02104148813816175,0.005619215971716752,0.00046168243735052514,0.2461028986196024,0.016576004333535337,-26353448.046763055,168784048.90984398
58,202,HD_28024,18,7957.8885,42842,0.7779,0.018124,0.006037,0.00043,0.9619,5645.9,W2,S2,211015_18_HD_28024.pav,219602822.41931266,219602822.41931266,98.87434322709973,0.027549818701511245,0.006276120178812766,0.00044703191599958415,0.224415731270398,0.005185363852547424,-26353448.046763055,168784048.90984398
59,203,HD_28024,18,7957.8885,42842,0.7706,0.020727,0.006516,0.000477,0.9616,5597.7,W2,S2,211015_18_HD_28024.pav,221683150.22058567,221683150.22058567,98.87434322709973,0.03169357231464575,0.006776206322795341,0.0004960482529118136,0.21203093630575037,0.005396251442679914,-26353448.046763055,168784048.90984398
60,204,HD_28024,18,7957.8885,42842,0.7633,0.018318,0.005817,0.000457,0.9611,5699.3,W2,S2,211015_18_HD_28024.pav,223803269.43532467,223803269.43532467,98.87434322709973,0.028185333884661923,0.006052439912600146,0.00047549682655290815,0.21103835262420206,0.0050793022191849245,-26353448.046763055,168784048.90984398
61,205,HD_28024,18,7957.8885,42842,0.7564,0.015902,0.004896,0.00039,0.9599,6089.3,W2,S2,211015_18_HD_28024.pav,225844838.12795258,225844838.12795258,98.87434322709973,0.024634196762658524,0.005100531305344307,0.0004062923221168872,0.20808250281612733,0.006069267880392424,-26353448.046763055,168784048.90984398
62,206,HD_28024,18,7957.8885,42842,0.7496,0.010881,0.00352,0.00036,0.9591,6800.9,W2,S2,211015_18_HD_28024.pav,227893590.66166395,227893590.66166395,98.87434322709973,0.016963777374058662,0.0036701073923469923,0.0003753518923991242,0.18062211958160132,0.006402995403349016,-26353448.046763055,168784048.90984398
63,207,HD_28024,18,7957.8885,42842,0.7428,0.007653,0.002216,0.000342,0.959,7218.8,W2,S2,211015_18_HD_28024.pav,229979854.0118246,229979854.0118246,98.87434322709973,0.012000200902239586,0.002310740354535975,0.000356621480709072,0.16483828457956762,0.007412893498104801,-26353448.046763055,168784048.90984398
64,208,HD_28024,18,7957.8885,42842,0.736,0.007008,0.002525,0.000321,0.9597,7733.1,W2,S2,211015_18_HD_28024.pav,232104667.8804121,232104667.8804121,98.87434322709973,0.011044199464120285,0.0026310305303740753,0.0003344795248515161,0.1524800636269229,0.00632010112872415,-26353448.046763055,168784048.90984398
65,209,HD_28024,18,7957.8885,42842,0.7292,0.008972,0.002904,0.000309,0.9603,8084.5,W2,S2,211015_18_HD_28024.pav,234269110.75148565,234269110.75148565,98.87434322709973,0.01421380603738,0.003024054982817869,0.00032177444548578567,0.1697142054867008,0.006489761439704575,-26353448.046763055,168784048.90984398
66,210,HD_28024,18,7957.8885,42842,0.7223,0.008024,0.002102,0.000291,0.9609,8450.7,W2,S2,211015_18_HD_28024.pav,236507040.78635374,236507040.78635374,98.87434322709973,0.012781552969211992,0.0021875325215943387,0.0003028410864814237,0.18474515699657984,0.011669700326021134,-26353448.046763055,168784048.90984398
67,211,HD_28024,18,7957.8885,42842,0.7159,0.007338,0.001973,0.000311,0.9605,8386.9,W2,S2,211015_18_HD_28024.pav,238621365.49795127,238621365.49795127,98.87434322709973,0.011761036117764368,0.002054138469547111,0.0003237896928682978,0.1970156759972505,0.01886564541062822,-26353448.046763055,168784048.90984398
68,212,HD_28024,18,7957.8885,42842,0.7095,0.009385,0.002463,0.000305,0.9604,8733.5,W2,S2,211015_18_HD_28024.pav,240773834.47495887,240773834.47495887,98.87434322709973,0.015131936821517,0.0025645564348188254,0.000317576009995835,0.15951437868981827,0.011090165509447159,-26353448.046763055,168784048.90984398
69,213,HD_28024,18,7957.8885,42842,0.7035,0.013602,0.003631,0.000326,0.9609,9063.7,W2,S2,211015_18_HD_28024.pav,242827342.65811417,242827342.65811417,98.87434322709973,0.022042583582059263,0.003778749089395359,0.00033926527214070147,0.15120003750875716,0.0073036866935484645,-26353448.046763055,168784048.90984398
70,214,HD_28024,18,7957.8885,42842,0.6977,0.016009,0.004084,0.000368,0.9614,9344.8,W2,S2,211015_18_HD_28024.pav,244845973.28362235,244845973.28362235,98.87434322709973,0.026072778975349816,0.0042479717079259415,0.0003827751196172249,0.1479340977209373,0.005001710677415038,-26353448.046763055,168784048.90984398
71,215,HD_28024,18,7957.8885,42842,0.6918,0.018498,0.004596,0.00041,0.9609,8890.7,W2,S2,211015_18_HD_28024.pav,246934136.39777872,246934136.39777872,98.87434322709973,0.030314155536078687,0.0047830159225725885,0.0004266833177229681,0.13685213976616514,0.0050384080892819,-26353448.046763055,168784048.90984398
72,216,HD_28024,18,7957.8885,42842,0.686,0.017339,0.003974,0.000391,0.961,8901.2,W2,S2,211015_18_HD_28024.pav,249021917.72592318,249021917.72592318,98.87434322709973,0.028573923692808215,0.004135275754422477,0.00040686784599375654,0.1299648081670675,0.0048679987098466,-26353448.046763055,168784048.90984398
73,217,HD_28024,18,7957.8885,42842,0.6804,0.01621,0.004004,0.000389,0.961,8959.7,W2,S2,211015_18_HD_28024.pav,251071480.83477852,251071480.83477852,98.87434322709973,0.02686332557618579,0.004166493236212279,0.00040478668054110304,0.12858184870511097,0.005059313843093052,-26353448.046763055,168784048.90984398
74,218,HD_28024,18,7957.8885,42842,0.675,0.015148,0.003635,0.000353,0.9607,9093.6,W2,S2,211015_18_HD_28024.pav,253080052.68145674,253080052.68145674,98.87434322709973,0.02524890081582116,0.0037836993858644742,0.00036744040803580726,0.12295031717304626,0.0046635656864600725,-26353448.046763055,168784048.90984398
75,219,HD_28024,18,7957.8885,42842,0.6697,0.015855,0.003896,0.000412,0.9595,8540.3,W2,S2,211015_18_HD_28024.pav,255082926.02655417,255082926.02655417,98.87434322709973,0.026605564155901748,0.0040604481500781655,0.0004293903074517978,0.11676709537324656,0.006070221495716601,-26353448.046763055,168784048.90984398
76,220,HD_28024,18,7957.8885,42842,0.6643,0.013908,0.003856,0.000392,0.9591,8537.6,W2,S2,211015_18_HD_28024.pav,257156458.7686035,257156458.7686035,98.87434322709973,0.023480352947993954,0.004020435825252841,0.0004087165050568241,0.1071636251833274,0.005860660890538712,-26353448.046763055,168784048.90984398
77,221,HD_28024,18,7957.8885,42842,0.659,0.012833,0.003305,0.000387,0.9583,8437.2,W2,S2,211015_18_HD_28024.pav,259224636.66158316,259224636.66158316,98.87434322709973,0.02180626427802611,0.003448815610977773,0.00040384013356986327,0.10157362919306025,0.006169760590674448,-26353448.046763055,168784048.90984398
78,222,HD_28024,18,7957.8885,42842,0.6536,0.011196,0.002539,0.000397,0.9579,8345.3,W2,S2,211015_18_HD_28024.pav,261366333.47610667,261366333.47610667,98.87434322709973,0.01914406114169797,0.0026505898319240007,0.00041444827226224035,0.09678839568273005,0.005541597696505391,-26353448.046763055,168784048.90984398
79,223,HD_28024,18,7957.8885,42842,0.6485,0.012838,0.002296,0.000502,0.9571,7680.4,W2,S2,211015_18_HD_28024.pav,263421797.3168594,263421797.3168594,98.87434322709973,0.022093425668300547,0.002398913384181381,0.0005245010970640476,0.09564524572780662,0.0039736668404657186,-26353448.046763055,168784048.90984398
80,224,HD_28024,18,7957.8885,42842,0.6436,0.011124,0.002447,0.000478,0.9578,7797.8,W2,S2,211015_18_HD_28024.pav,265427339.2790294,265427339.2790294,98.87434322709973,0.01923477800076439,0.00255481311338484,0.0004990603466276885,0.09547559944243794,0.00742156949695653,-26353448.046763055,168784048.90984398
81,225,HD_28024,18,7957.8885,42842,0.6389,0.01022,0.002668,0.000449,0.9586,7847.3,W2,S2,211015_18_HD_28024.pav,267379927.31254235,267379927.31254235,98.87434322709973,0.01775090057020378,0.0027832255372418108,0.0004683914041310244,0.09757448781273255,0.005946406786138844,-26353448.046763055,168784048.90984398
82,226,HD_28024,18,7957.8885,42842,0.6345,0.008563,0.002088,0.000422,0.959,7734.9,W2,S2,211015_18_HD_28024.pav,269234098.59729445,269234098.59729445,98.87434322709973,0.014942137173714221,0.0021772679874869656,0.00044004171011470284,0.09735053299585603,0.005981885628835604,-26353448.046763055,168784048.90984398
83,227,HD_28024,18,7957.8885,42842,0.63,0.006049,0.001275,0.000507,0.9575,7444.6,W2,S2,211015_18_HD_28024.pav,271157199.3015608,271157199.3015608,98.87434322709973,0.010627190001919301,0.0013315926892950392,0.0005295039164490861,0.08655312589582792,0.005098169122039087,-26353448.046763055,168784048.90984398
112,428,HD_28024,43,7958.053,42842,0.7935,0.016608,0.005918,0.000575,0.9701,5326.4,W2,S2,211015_43_HD_28024.pav,221818663.48738182,221818663.48738182,127.77754755918417,0.02385629847573179,0.006100402020410267,0.0005927223997526028,0.17822486447182728,0.014497025594129482,-107825167.83391951,139119904.72047153
113,429,HD_28024,43,7958.053,42842,0.7857,0.01604,0.0051,0.000551,0.9699,5649.0,W2,S2,211015_43_HD_28024.pav,224020757.8939003,224020757.8939003,127.77754755918417,0.023167574470428845,0.005258274048871018,0.0005680998041035157,0.18342676164555213,0.01227032763238063,-107825167.83391951,139119904.72047153
114,430,HD_28024,43,7958.053,42842,0.7779,0.013929,0.004232,0.000527,0.9697,5894.0,W2,S2,211015_43_HD_28024.pav,226267013.0829637,226267013.0829637,127.77754755918417,0.02023200899096147,0.004364236361761369,0.0005434670516654635,0.1933106265277208,0.009183718535201382,-107825167.83391951,139119904.72047153
115,431,HD_28024,43,7958.053,42842,0.7706,0.012317,0.004796,0.000548,0.9701,5799.4,W2,S2,211015_43_HD_28024.pav,228410471.68081686,228410471.68081686,127.77754755918417,0.01797614649926871,0.004943820224719102,0.0005648902175033501,0.16959399715778353,0.008134851952281546,-107825167.83391951,139119904.72047153
116,432,HD_28024,43,7958.053,42842,0.7633,0.012251,0.004404,0.000521,0.9712,5913.0,W2,S2,211015_43_HD_28024.pav,230594929.2247314,230594929.2247314,127.77754755918417,0.017954306661011922,0.004534596375617792,0.0005364497528830313,0.15967000531973102,0.006215220552874232,-107825167.83391951,139119904.72047153
117,433,HD_28024,43,7958.053,42842,0.7564,0.010956,0.003849,0.000447,0.9715,6346.3,W2,S2,211015_43_HD_28024.pav,232698452.50824627,232698452.50824627,127.77754755918417,0.016133744694195887,0.003961914565105507,0.00046011322696860526,0.15791244203025812,0.00593169319159059,-107825167.83391951,139119904.72047153
120,436,HD_28024,43,7958.053,42842,0.736,0.002982,0.00122,0.000348,0.9711,7902.5,W2,S2,211015_43_HD_28024.pav,239148246.5723335,239148246.5723335,127.77754755918417,0.004462656127388635,0.001256307280403666,0.0003583565029348162,0.15058754780100791,0.017200852705313574,-107825167.83391951,139119904.72047153
121,437,HD_28024,43,7958.053,42842,0.7292,0.005391,0.00171,0.00031,0.9714,8417.8,W2,S2,211015_43_HD_28024.pav,241378372.84316713,241378372.84316713,127.77754755918417,0.008109445965356158,0.0017603458925262506,0.00031912703314803374,0.1444710741300455,0.007712938075076892,-107825167.83391951,139119904.72047153
122,438,HD_28024,43,7958.053,42842,0.7223,0.005766,0.001697,0.000343,0.9719,8913.1,W2,S2,211015_43_HD_28024.pav,243684216.36056688,243684216.36056688,127.77754755918417,0.008718141881792646,0.0017460644099187158,0.0003529169667661282,0.1256695122729363,0.008512322740183433,-107825167.83391951,139119904.72047153
123,439,HD_28024,43,7958.053,42842,0.7159,0.006221,0.001824,0.00037,0.9712,8833.8,W2,S2,211015_43_HD_28024.pav,245862703.55809116,245862703.55809116,127.77754755918417,0.009463309408807326,0.0018780889621087316,0.0003809719934102142,0.10863567226023065,0.008368077055810295,-107825167.83391951,139119904.72047153
124,440,HD_28024,43,7958.053,42842,0.7095,0.008474,0.002564,0.000325,0.971,9200.0,W2,S2,211015_43_HD_28024.pav,248080492.56834033,248080492.56834033,127.77754755918417,0.01296363282774532,0.0026405767250257464,0.00033470648815653965,0.09822994479948105,0.009040858576507844,-107825167.83391951,139119904.72047153
125,441,HD_28024,43,7958.053,42842,0.7035,0.011073,0.003339,0.000329,0.9711,9532.9,W2,S2,211015_43_HD_28024.pav,250196317.66487202,250196317.66487202,127.77754755918417,0.017026168450871845,0.0034383688600556073,0.00033879106168262793,0.09679599398033992,0.00717686055742032,-107825167.83391951,139119904.72047153
126,442,HD_28024,43,7958.053,42842,0.6977,0.013011,0.003585,0.000362,0.9713,9762.9,W2,S2,211015_43_HD_28024.pav,252276206.7897914,252276206.7897914,127.77754755918417,0.02010472923718957,0.003690929681869659,0.0003726963862864203,0.0991982077164829,0.007021135096660858,-107825167.83391951,139119904.72047153
127,443,HD_28024,43,7958.053,42842,0.6918,0.013046,0.004088,0.000434,0.9704,9256.4,W2,S2,211015_43_HD_28024.pav,254427738.47533605,254427738.47533605,127.77754755918417,0.020284649795218383,0.004212695795548227,0.0004472382522671063,0.08856469436730306,0.007422895787487105,-107825167.83391951,139119904.72047153
128,444,HD_28024,43,7958.053,42842,0.686,0.012421,0.002876,0.000439,0.9703,9321.4,W2,S2,211015_43_HD_28024.pav,256578876.78897586,256578876.78897586,127.77754755918417,0.019417759298183623,0.002964031742759971,0.00045243739049778415,0.08851211323513718,0.011746489889604457,-107825167.83391951,139119904.72047153
129,445,HD_28024,43,7958.053,42842,0.6804,0.011117,0.002864,0.000386,0.9706,9434.9,W2,S2,211015_43_HD_28024.pav,258690637.09176582,258690637.09176582,127.77754755918417,0.017464488260210197,0.0029507521120956106,0.00039769214918607045,0.08531239972426927,0.010746839861677559,-107825167.83391951,139119904.72047153
130,446,HD_28024,43,7958.053,42842,0.675,0.008506,0.002378,0.000372,0.9709,9566.0,W2,S2,211015_43_HD_28024.pav,260760162.18849993,260760162.18849993,127.77754755918417,0.013427142578037171,0.0024492738696055205,0.0003831496549593161,0.07474135899805442,0.00905549698471439,-107825167.83391951,139119904.72047153
131,447,HD_28024,43,7958.053,42842,0.6697,0.00737,0.0028,0.000414,0.97,8926.0,W2,S2,211015_43_HD_28024.pav,262823815.85372177,262823815.85372177,127.77754755918417,0.011704146231664185,0.00288659793814433,0.0004268041237113402,0.06490177593418267,0.006746369685544301,-107825167.83391951,139119904.72047153
132,448,HD_28024,43,7958.053,42842,0.6643,0.007169,0.002092,0.000409,0.9699,8889.3,W2,S2,211015_43_HD_28024.pav,264960273.1856653,264960273.1856653,127.77754755918417,0.011446521445953614,0.002156923394164347,0.0004216929580369111,0.0646996384777509,0.007908777190298307,-107825167.83391951,139119904.72047153
133,449,HD_28024,43,7958.053,42842,0.659,0.006757,0.001626,0.000401,0.9699,8792.2,W2,S2,211015_43_HD_28024.pav,267091213.1672799,267091213.1672799,127.77754755918417,0.010845663372530137,0.0016764614908753481,0.00041344468501907413,0.06067546768832211,0.006484752740550229,-107825167.83391951,139119904.72047153
134,450,HD_28024,43,7958.053,42842,0.6536,0.006238,0.001595,0.000389,0.9702,8760.4,W2,S2,211015_43_HD_28024.pav,269297903.1169484,269297903.1169484,127.77754755918417,0.010064389278578981,0.0016439909297052155,0.0004009482580911153,0.05489013412067919,0.00509938285121626,-107825167.83391951,139119904.72047153
135,451,HD_28024,43,7958.053,42842,0.6485,0.007606,0.001734,0.00049,0.9688,8124.2,W2,S2,211015_43_HD_28024.pav,271415743.218562,271415743.218562,127.77754755918417,0.012353856460462923,0.0017898431048720066,0.0005057803468208092,0.05462554626043382,0.006808371133021675,-107825167.83391951,139119904.72047153
136,452,HD_28024,43,7958.053,42842,0.6436,0.006318,0.001054,0.000457,0.969,8231.8,W2,S2,211015_43_HD_28024.pav,273482146.4842099,273482146.4842099,127.77754755918417,0.010312400594066105,0.0010877192982456142,0.0004716202270381837,0.05062373096779748,0.007266755386276731,-107825167.83391951,139119904.72047153
137,453,HD_28024,43,7958.053,42842,0.6389,0.005314,0.000818,0.000498,0.9688,8208.7,W2,S2,211015_43_HD_28024.pav,275493988.8515221,275493988.8515221,127.77754755918417,0.008718794903141938,0.0008443435177539224,0.000514037985136251,0.050966587110944615,0.0075015300266222254,-107825167.83391951,139119904.72047153
138,454,HD_28024,43,7958.053,42842,0.6345,0.00314,0.000658,0.000477,0.9671,8036.6,W2,S2,211015_43_HD_28024.pav,277404427.86010635,277404427.86010635,127.77754755918417,0.005185416226884284,0.0006803846551545859,0.0004932271740254369,0.03721753086721071,0.005772548109310036,-107825167.83391951,139119904.72047153
139,455,HD_28024,43,7958.053,42842,0.63,0.002004,0.000706,0.000538,0.9611,7725.8,W2,S2,211015_43_HD_28024.pav,279385888.05910707,279385888.05910707,127.77754755918417,0.0033464722462280545,0.0007345749661845802,0.0005597752575174279,0.03318145319262235,0.0069677159429344685,-107825167.83391951,139119904.72047153
143,545,HD_28024,34,8325.8607,42842,0.7706,0.023808,0.006618,0.000468,0.9743,3593.8,W2,S2,221018_34_HD_28024.pav,220833966.81718612,220833966.81718612,94.10048440328274,0.0384867156291687,0.006792569023914605,0.00048034486297854865,0.20932958049887718,0.015913674761796708,-12168487.958116084,169739038.07637364
144,546,HD_28024,34,8325.8607,42842,0.7633,0.020632,0.005427,0.000459,0.9727,3655.9,W2,S2,221018_34_HD_28024.pav,222945964.6656932,222945964.6656932,94.10048440328274,0.033623113409311144,0.00557931530790583,0.00047188238922586613,0.1968793988677046,0.015771533325394035,-12168487.958116084,169739038.07637364
145,547,HD_28024,34,8325.8607,42842,0.7564,0.01606,0.004223,0.000415,0.9707,3844.9,W2,S2,221018_34_HD_28024.pav,224979712.8891111,224979712.8891111,94.10048440328274,0.02638961181172464,0.004350468733903369,0.00042752652724837746,0.17060557995749642,0.01827428097605722,-12168487.958116084,169739038.07637364
153,555,HD_28024,34,8325.8607,42842,0.7035,0.013271,0.003252,0.000326,0.9693,5528.0,W2,S2,221018_34_HD_28024.pav,241897163.9364941,241897163.9364941,94.10048440328274,0.022994079346237283,0.003354998452491489,0.0003363251831218405,0.1330721838716263,0.015675976885572693,-12168487.958116084,169739038.07637364
154,556,HD_28024,34,8325.8607,42842,0.6977,0.016584,0.003443,0.000348,0.97,5638.0,W2,S2,221018_34_HD_28024.pav,243908061.95975867,243908061.95975867,94.10048440328274,0.028890263011122404,0.0035494845360824743,0.0003587628865979382,0.14911842271780187,0.003079039759455327,-12168487.958116084,169739038.07637364
155,557,HD_28024,34,8325.8607,42842,0.6918,0.020144,0.00417,0.000425,0.9694,5351.8,W2,S2,221018_34_HD_28024.pav,245988226.11928827,245988226.11928827,94.10048440328274,0.03533617436798753,0.0043016298741489585,0.00043841551475139255,0.14841089743358363,0.00224467933935034,-12168487.958116084,169739038.07637364
156,558,HD_28024,34,8325.8607,42842,0.686,0.0203,0.004088,0.00043,0.97,5385.2,W2,S2,221018_34_HD_28024.pav,248068009.9552822,248068009.9552822,94.10048440328274,0.03581350604370452,0.0042144329896907215,0.00044329896907216497,0.14105630205576375,0.0020731754565304246,-12168487.958116084,169739038.07637364
157,559,HD_28024,34,8325.8607,42842,0.6804,0.017934,0.004001,0.000406,0.9697,5412.8,W2,S2,221018_34_HD_28024.pav,250109721.9713751,250109721.9713751,94.10048440328274,0.031846292827414975,0.004126018356192637,0.00041868619160565125,0.12635529863496808,0.0023497870074681965,-12168487.958116084,169739038.07637364
158,560,HD_28024,34,8325.8607,42842,0.675,0.016604,0.003199,0.000387,0.9677,5450.7,W2,S2,221018_34_HD_28024.pav,252110599.7471461,252110599.7471461,94.10048440328274,0.029725108957733927,0.003305776583651958,0.00039991732975095583,0.12192786037341315,0.003225626376949724,-12168487.958116084,169739038.07637364
159,561,HD_28024,34,8325.8607,42842,0.6697,0.017355,0.003535,0.000444,0.9631,5098.5,W2,S2,221018_34_HD_28024.pav,254105800.85011742,254105800.85011742,94.10048440328274,0.03140753771795164,0.0036704392067282736,0.00046101131762018487,0.11128580347563054,0.00466495580527896,-12168487.958116084,169739038.07637364
160,562,HD_28024,34,8325.8607,42842,0.6643,0.015651,0.002651,0.000447,0.9599,5108.1,W2,S2,221018_34_HD_28024.pav,256171390.68090263,256171390.68090263,94.10048440328274,0.028596562942881577,0.0027617460152099178,0.00046567350765704764,0.10378837855527502,0.005229591735711756,-12168487.958116084,169739038.07637364
161,563,HD_28024,34,8325.8607,42842,0.659,0.013751,0.00254,0.000431,0.9569,5043.3,W2,S2,221018_34_HD_28024.pav,258231646.1749979,258231646.1749979,94.10048440328274,0.025361199629025236,0.0026544048489915355,0.0004504127913052566,0.09792661344800452,0.006930580764365001,-12168487.958116084,169739038.07637364
162,564,HD_28024,34,8325.8607,42842,0.6536,0.013899,0.002818,0.000409,0.9556,4988.6,W2,S2,221018_34_HD_28024.pav,260365138.9677534,260365138.9677534,94.10048440328274,0.0258352426065361,0.0029489326077856847,0.0004280033486814567,0.10292995675420917,0.006950565944956013,-12168487.958116084,169739038.07637364
163,565,HD_28024,34,8325.8607,42842,0.6485,0.015559,0.003228,0.00046,0.9539,4564.5,W2,S2,221018_34_HD_28024.pav,262412729.1122955,262412729.1122955,94.10048440328274,0.02915186512511835,0.0033840025159870006,0.00048223084180731737,0.09811006550058952,0.00729239803829427,-12168487.958116084,169739038.07637364
164,566,HD_28024,34,8325.8607,42842,0.6436,0.013259,0.002412,0.000454,0.9552,4559.2,W2,S2,221018_34_HD_28024.pav,264410588.60988757,264410588.60988757,94.10048440328274,0.024958456595846758,0.0025251256281407035,0.00047529313232830815,0.08766064675768714,0.007901653652819517,-12168487.958116084,169739038.07637364
165,567,HD_28024,34,8325.8607,42842,0.6389,0.011236,0.001707,0.00048,0.9575,4530.6,W2,S2,221018_34_HD_28024.pav,266355697.02508,266355697.02508,94.10048440328274,0.021223797884856118,0.0017827676240208877,0.0005013054830287206,0.0797113102915819,0.009483809549658532,-12168487.958116084,169739038.07637364
166,568,HD_28024,34,8325.8607,42842,0.6345,0.009201,0.001802,0.000474,0.9619,4434.5,W2,S2,221018_34_HD_28024.pav,268202765.68845332,268202765.68845332,94.10048440328274,0.017396464001329742,0.0018733756107703504,0.0004927747167065183,0.070278206724027,0.009756363208918125,-12168487.958116084,169739038.07637364
167,569,HD_28024,34,8325.8607,42842,0.63,0.006505,0.001689,0.000489,0.9681,4197.6,W2,S2,221018_34_HD_28024.pav,270118499.7290851,270118499.7290851,94.10048440328274,0.012290895473620101,0.001744654477843198,0.0005051131081499845,0.05499140857945226,0.011700648114617887,-12168487.958116084,169739038.07637364
171,621,HD_28024,36,8325.8722,42842,0.7706,0.018681,0.005302,0.000496,0.9491,3250.6,W2,S2,221018_36_HD_28024.pav,221244434.4312726,221244434.4312726,96.82339180631337,0.03161429027163183,0.005586344958381625,0.0005226003582341165,0.17746808421288385,0.017462851381111973,-20255920.36911829,169283388.2328807
172,622,HD_28024,36,8325.8722,42842,0.7633,0.017295,0.004836,0.000495,0.9486,3339.4,W2,S2,221018_36_HD_28024.pav,223360357.88384467,223360357.88384467,96.82339180631337,0.029478822983758646,0.005098039215686275,0.0005218216318785578,0.16570397454610775,0.010990636498154993,-20255920.36911829,169283388.2328807
173,623,HD_28024,36,8325.8722,42842,0.7564,0.013387,0.003799,0.000444,0.9467,3538.2,W2,S2,221018_36_HD_28024.pav,225397886.2675022,225397886.2675022,96.82339180631337,0.023010119379349013,0.0040128868701806274,0.0004689975705080807,0.13751706929032023,0.011814862220850606,-20255920.36911829,169283388.2328807
174,624,HD_28024,36,8325.8722,42842,0.7496,0.009594,0.002693,0.000368,0.9456,3870.1,W2,S2,221018_36_HD_28024.pav,227442584.27526498,227442584.27526498,96.82339180631337,0.01661581434438658,0.002847927241962775,0.00038917089678511,0.11113633838766541,0.018392214521447615,-20255920.36911829,169283388.2328807
176,626,HD_28024,36,8325.8722,42842,0.736,0.007374,0.002219,0.000353,0.9453,4375.4,W2,S2,221018_36_HD_28024.pav,231645327.6803514,231645327.6803514,96.82339180631337,0.012944324788858928,0.0023474029408653337,0.0003734264254733947,0.08868052782307177,0.01983861430976076,-20255920.36911829,169283388.2328807
182,632,HD_28024,36,8325.8722,42842,0.6977,0.013642,0.002934,0.000363,0.9478,5210.6,W2,S2,221018_36_HD_28024.pav,244361417.76227412,244361417.76227412,96.82339180631337,0.02485202273588514,0.0030955897868748684,0.00038299219244566365,0.12874254505494595,0.003163496240034178,-20255920.36911829,169283388.2328807
183,633,HD_28024,36,8325.8722,42842,0.6918,0.016705,0.003242,0.000447,0.9461,4956.6,W2,S2,221018_36_HD_28024.pav,246445448.35608363,246445448.35608363,96.82339180631337,0.03068537183162654,0.0034266990804354717,0.00047246591269421836,0.12973523312461668,0.002305608008574198,-20255920.36911829,169283388.2328807
184,634,HD_28024,36,8325.8722,42842,0.686,0.015739,0.003247,0.000466,0.946,5010.6,W2,S2,221018_36_HD_28024.pav,248529097.91944405,248529097.91944405,96.82339180631337,0.029101871673291837,0.0034323467230443975,0.000492600422832981,0.11787188810921653,0.0031678592539478917,-20255920.36911829,169283388.2328807
185,635,HD_28024,36,8325.8722,42842,0.6804,0.014919,0.003187,0.000434,0.9451,5062.5,W2,S2,221018_36_HD_28024.pav,250574604.89820495,250574604.89820495,96.82339180631337,0.027788221914890075,0.0033721299333403874,0.00045921066553803824,0.11473262648350344,0.0046035171155252505,-20255920.36911829,169283388.2328807
186,636,HD_28024,36,8325.8722,42842,0.675,0.013955,0.002831,0.00041,0.9437,5119.5,W2,S2,221018_36_HD_28024.pav,252579201.73739058,252579201.73739058,96.82339180631337,0.026193842276116593,0.0029998940341210132,0.0004344601038465614,0.10847740678526945,0.003625865283742098,-20255920.36911829,169283388.2328807
187,637,HD_28024,36,8325.8722,42842,0.6697,0.015147,0.00326,0.000469,0.9388,4796.9,W2,S2,221018_36_HD_28024.pav,254578111.3524543,254578111.3524543,96.82339180631337,0.02875720120023394,0.0034725181082232636,0.0004995739241585003,0.1047906804630728,0.006171410188425489,-20255920.36911829,169283388.2328807
188,638,HD_28024,36,8325.8722,42842,0.6643,0.014293,0.002474,0.000437,0.9367,4804.9,W2,S2,221018_36_HD_28024.pav,256647540.5279823,256647540.5279823,96.82339180631337,0.02737178374301684,0.002641187146364898,0.0004665314401622718,0.10120812948936098,0.006502731452668029,-20255920.36911829,169283388.2328807
189,639,HD_28024,36,8325.8722,42842,0.659,0.013022,0.002258,0.000406,0.9347,4744.4,W2,S2,221018_36_HD_28024.pav,258711625.45180368,258711625.45180368,96.82339180631337,0.025151178413322532,0.002415748368460469,0.0004343639670482508,0.09591877923161307,0.006877601167812558,-20255920.36911829,169283388.2328807
190,640,HD_28024,36,8325.8722,42842,0.6536,0.011206,0.001811,0.000413,0.9334,4666.2,W2,S2,221018_36_HD_28024.pav,260849083.80161974,260849083.80161974,96.82339180631337,0.021817296692898634,0.0019402185558174414,0.0004424683951146347,0.08530459644263425,0.005601827037913022,-20255920.36911829,169283388.2328807
191,641,HD_28024,36,8325.8722,42842,0.6485,0.011847,0.002038,0.000523,0.9291,4263.1,W2,S2,221018_36_HD_28024.pav,262900479.83460084,262900479.83460084,96.82339180631337,0.023319277505967476,0.0021935206113443116,0.0005629103433430202,0.0770565232408734,0.005081409404218974,-20255920.36911829,169283388.2328807
192,642,HD_28024,36,8325.8722,42842,0.6436,0.010943,0.001467,0.000486,0.9297,4280.9,W2,S2,221018_36_HD_28024.pav,264902052.7854858,264902052.7854858,96.82339180631337,0.02165903668218791,0.0015779283639883834,0.0005227492739593417,0.07280569683988927,0.004864748324440745,-20255920.36911829,169283388.2328807
193,643,HD_28024,36,8325.8722,42842,0.6389,0.009034,0.001441,0.000482,0.9314,4266.0,W2,S2,221018_36_HD_28024.pav,266850776.60469344,266850776.60469344,96.82339180631337,0.017955188078043232,0.0015471333476487009,0.000517500536826283,0.06692314020570214,0.008164720046752897,-20255920.36911829,169283388.2328807
194,644,HD_28024,36,8325.8722,42842,0.6345,0.007518,0.001161,0.000464,0.9347,4185.4,W2,S2,221018_36_HD_28024.pav,268701278.44403255,268701278.44403255,96.82339180631337,0.014974408752838774,0.0012421097678399487,0.0004964159623408581,0.06029193965502469,0.009095546829142598,-20255920.36911829,169283388.2328807
195,645,HD_28024,36,8325.8722,42842,0.63,0.006237,0.001358,0.000508,0.9387,4009.1,W2,S2,221018_36_HD_28024.pav,270620573.29006135,270620573.29006135,96.82339180631337,0.01244280189293512,0.0014466815809097689,0.0005411739639927559,0.05619845012610089,0.01304419333739232,-20255920.36911829,169283388.2328807
196,694,HD_28024,38,8325.8892,42842,0.7935,0.005578,0.001673,0.000404,0.9699,3516.8,W2,S2,221018_38_HD_28024.pav,215771880.5417853,215771880.5417853,100.77336418633432,0.008927637328829752,0.0017249200948551398,0.000416537787400763,0.05179696712278202,0.008295733402917511,-32004300.883779127,168197195.48859614
197,695,HD_28024,38,8325.8892,42842,0.7857,0.011176,0.00351,0.000422,0.9701,3769.8,W2,S2,221018_38_HD_28024.pav,217913945.79344106,217913945.79344106,100.77336418633432,0.01800101926272884,0.003618183692402845,0.00043500670034017115,0.10529553667227452,0.01525019630655579,-32004300.883779127,168197195.48859614
198,696,HD_28024,38,8325.8892,42842,0.7779,0.018353,0.006001,0.000447,0.9696,3979.1,W2,S2,221018_38_HD_28024.pav,220098968.0034794,220098968.0034794,100.77336418633432,0.029773778534954276,0.006189150165016502,0.00046101485148514854,0.1638506879007214,0.01459196952735571,-32004300.883779127,168197195.48859614
199,697,HD_28024,38,8325.8892,42842,0.7706,0.023771,0.007315,0.000546,0.9676,3966.4,W2,S2,221018_38_HD_28024.pav,222183995.8602474,222183995.8602474,100.77336418633432,0.03888980852513644,0.007559942124844977,0.0005642827614716825,0.19791454956048007,0.018181636308175896,-32004300.883779127,168197195.48859614
200,698,HD_28024,38,8325.8892,42842,0.7633,0.021626,0.006162,0.000505,0.9654,4082.6,W2,S2,221018_38_HD_28024.pav,224308905.03066507,224308905.03066507,100.77336418633432,0.03569243150264355,0.006382846488502175,0.000523099233478351,0.19265757695046723,0.014730469229007575,-32004300.883779127,168197195.48859614
206,704,HD_28024,38,8325.8892,42842,0.7223,0.008008,0.002391,0.000269,0.9626,5737.1,W2,S2,221018_38_HD_28024.pav,237041377.83456546,237041377.83456546,100.77336418633432,0.013780786200841225,0.0024838977768543526,0.0002794514855599418,0.08051938350540502,0.019725038258102925,-32004300.883779127,168197195.48859614
207,705,HD_28024,38,8325.8892,42842,0.7159,0.006058,0.002102,0.000295,0.9627,5667.2,W2,S2,221018_38_HD_28024.pav,239160479.4104018,239160479.4104018,100.77336418633432,0.010491507417405982,0.002183442401578893,0.0003064298327620235,0.057204742097226285,0.016300654575110953,-32004300.883779127,168197195.48859614
213,711,HD_28024,38,8325.8892,42842,0.6804,0.017739,0.003387,0.000416,0.9655,6157.1,W2,S2,221018_38_HD_28024.pav,251638723.11861646,251638723.11861646,100.77336418633432,0.031818286074050475,0.0035080269290523043,0.00043086483687208697,0.14441406135931828,0.019719808384210814,-32004300.883779127,168197195.48859614
214,712,HD_28024,38,8325.8892,42842,0.675,0.015808,0.003093,0.000391,0.9642,6237.2,W2,S2,221018_38_HD_28024.pav,253651832.90356538,253651832.90356538,100.77336418633432,0.028567150218147465,0.00320784069695084,0.00040551752748392453,0.13071381609456548,0.01691764016205075,-32004300.883779127,168197195.48859614
215,713,HD_28024,38,8325.8892,42842,0.6697,0.016269,0.003205,0.000398,0.9609,5864.4,W2,S2,221018_38_HD_28024.pav,255659231.3123886,255659231.3123886,100.77336418633432,0.02968131177776143,0.0033354147153710064,0.00041419502549693,0.10847648597747576,0.01041676257534242,-32004300.883779127,168197195.48859614
216,714,HD_28024,38,8325.8892,42842,0.6643,0.015009,0.002938,0.000392,0.9584,5888.2,W2,S2,221018_38_HD_28024.pav,257737448.7579507,257737448.7579507,100.77336418633432,0.027627282203694915,0.003065525876460768,0.0004090150250417362,0.10151459681787843,0.009174258437641258,-32004300.883779127,168197195.48859614
217,715,HD_28024,38,8325.8892,42842,0.659,0.014157,0.002679,0.000377,0.9563,5837.8,W2,S2,221018_38_HD_28024.pav,259810299.25630748,259810299.25630748,100.77336418633432,0.026280818782278607,0.0028014221478615494,0.00039422775279723935,0.1014184832786304,0.012090446547392207,-32004300.883779127,168197195.48859614
218,716,HD_28024,38,8325.8892,42842,0.6536,0.012824,0.002401,0.000385,0.9553,5743.3,W2,S2,221018_38_HD_28024.pav,261956834.77647895,261956834.77647895,100.77336418633432,0.02398614146274281,0.0025133465926933944,0.00040301475976133147,0.10111743667640707,0.01671960673336514,-32004300.883779127,168197195.48859614
219,717,HD_28024,38,8325.8892,42842,0.6485,0.014499,0.002393,0.000469,0.9539,5221.7,W2,S2,221018_38_HD_28024.pav,264016942.49792853,264016942.49792853,100.77336418633432,0.02732822236051094,0.0025086487053150226,0.0004916657930600692,0.09544006382979683,0.015747957710576,-32004300.883779127,168197195.48859614
220,718,HD_28024,38,8325.8892,42842,0.6436,0.013424,0.001994,0.000444,0.9553,5279.6,W2,S2,221018_38_HD_28024.pav,266027015.55299357,266027015.55299357,100.77336418633432,0.025418824778959005,0.0020873024180885586,0.0004647754632052758,0.08874798345755372,0.013392317407755407,-32004300.883779127,168197195.48859614
221,719,HD_28024,38,8325.8892,42842,0.6389,0.010181,0.001521,0.000455,0.9577,5333.9,W2,S2,221018_38_HD_28024.pav,267984015.0413314,267984015.0413314,100.77336418633432,0.01934316670426738,0.0015881800146183565,0.00047509658556959384,0.06857835087206653,0.010274955741389756,-32004300.883779127,168197195.48859614
222,720,HD_28024,38,8325.8892,42842,0.6345,0.007561,0.001047,0.000433,0.9616,5258.0,W2,S2,221018_38_HD_28024.pav,269842375.4293249,269842375.4293249,100.77336418633432,0.014387309803097086,0.001088810316139767,0.0004502911813643927,0.05391790561306716,0.008765837315743437,-32004300.883779127,168197195.48859614
223,721,HD_28024,38,8325.8892,42842,0.63,0.005275,0.00112,0.00043,0.9665,5013.6,W2,S2,221018_38_HD_28024.pav,271769820.9681058,271769820.9681058,100.77336418633432,0.01004451224811663,0.0011588204862907397,0.00044490429384376614,0.03663077455661695,0.005691771333763867,-32004300.883779127,168197195.48859614
225,771,HD_28024,41,8325.9021,42842,0.7857,0.010319,0.002614,0.000428,0.9689,3490.6,W2,S2,221018_41_HD_28024.pav,218828408.30212396,218828408.30212396,103.68667583423074,0.016388456230154398,0.0026979048405408193,0.00044173805346268963,0.10691389762127823,0.017301698088430507,-40681559.97491307,167051286.6202743
226,772,HD_28024,41,8325.9021,42842,0.7779,0.017462,0.00505,0.000444,0.9679,3696.7,W2,S2,221018_41_HD_28024.pav,221022599.82385752,221022599.82385752,103.68667583423074,0.027942907324533566,0.005217481144746358,0.00045872507490443226,0.15677596834754332,0.00928892269871352,-40681559.97491307,167051286.6202743
227,773,HD_28024,41,8325.9021,42842,0.7706,0.023403,0.007199,0.000469,0.9656,3710.1,W2,S2,221018_41_HD_28024.pav,223116377.37215,223116377.37215,103.68667583423074,0.0377727676774237,0.007455468102734051,0.0004857083678541839,0.18381685054320027,0.004245284028717914,-40681559.97491307,167051286.6202743
228,774,HD_28024,41,8325.9021,42842,0.7633,0.021069,0.005869,0.00044,0.9631,3805.6,W2,S2,221018_41_HD_28024.pav,225250203.5935789,225250203.5935789,103.68667583423074,0.03431053619359643,0.006093863565569515,0.0004568580625064895,0.1735358274899615,0.0029480974473032723,-40681559.97491307,167051286.6202743
229,775,HD_28024,41,8325.9021,42842,0.7564,0.016301,0.003841,0.000418,0.9608,3992.5,W2,S2,221018_41_HD_28024.pav,227304971.4476187,227304971.4476187,103.68667583423074,0.026772637096452872,0.0039977102414654455,0.00043505412156536225,0.15122528760111667,0.008328944070023823,-40681559.97491307,167051286.6202743
230,776,HD_28024,41,8325.9021,42842,0.7496,0.011185,0.003398,0.000359,0.959,4367.9,W2,S2,221018_41_HD_28024.pav,229366969.58775184,229366969.58775184,103.68667583423074,0.01851755073576229,0.003543274244004171,0.00037434827945776855,0.11326327308602006,0.01320190968117533,-40681559.97491307,167051286.6202743
235,781,HD_28024,41,8325.9021,42842,0.7159,0.004788,0.000854,0.000297,0.9614,5259.4,W2,S2,221018_41_HD_28024.pav,240164101.6943411,240164101.6943411,103.68667583423074,0.008164973305287345,0.0008882879134595382,0.00030892448512585813,0.05963821285449648,0.019399985717448606,-40681559.97491307,167051286.6202743
237,783,HD_28024,41,8325.9021,42842,0.7035,0.011304,0.002807,0.000287,0.9624,5772.5,W2,S2,221018_41_HD_28024.pav,244397271.36173245,244397271.36173245,103.68667583423074,0.019500237065212096,0.002916666666666667,0.00029821280133000827,0.11317678245754204,0.013659316740447548,-40681559.97491307,167051286.6202743
238,784,HD_28024,41,8325.9021,42842,0.6977,0.014876,0.002988,0.00033,0.9639,5893.8,W2,S2,221018_41_HD_28024.pav,246428952.84933177,246428952.84933177,103.68667583423074,0.025777271448510674,0.003099906629318394,0.00034235916588857765,0.138736231601268,0.005363230095464054,-40681559.97491307,167051286.6202743
239,785,HD_28024,41,8325.9021,42842,0.6918,0.017044,0.003886,0.000381,0.9646,5537.6,W2,S2,221018_41_HD_28024.pav,248530616.36741656,248530616.36741656,103.68667583423074,0.029697015439330492,0.004028612896537425,0.0003949823761144516,0.12998220076001907,0.0026768347251525503,-40681559.97491307,167051286.6202743
240,786,HD_28024,41,8325.9021,42842,0.686,0.016183,0.003816,0.000401,0.965,5543.0,W2,S2,221018_41_HD_28024.pav,250631895.63116437,250631895.63116437,103.68667583423074,0.02836154772559513,0.003954404145077721,0.0004155440414507772,0.12070468091284976,0.005617694996884715,-40681559.97491307,167051286.6202743
241,787,HD_28024,41,8325.9021,42842,0.6804,0.015641,0.00352,0.000395,0.964,5627.9,W2,S2,221018_41_HD_28024.pav,252694709.58697644,252694709.58697644,103.68667583423074,0.02760817398916319,0.0036514522821576765,0.0004097510373443984,0.11704005956772066,0.005837597085452961,-40681559.97491307,167051286.6202743
242,788,HD_28024,41,8325.9021,42842,0.675,0.014782,0.002801,0.00035,0.9625,5742.0,W2,S2,221018_41_HD_28024.pav,254716267.26367223,254716267.26367223,103.68667583423074,0.026289474536457746,0.00291012987012987,0.0003636363636363636,0.11092555302932534,0.004169208022948376,-40681559.97491307,167051286.6202743
243,789,HD_28024,41,8325.9021,42842,0.6697,0.015035,0.003051,0.000402,0.9596,5333.8,W2,S2,221018_41_HD_28024.pav,256732089.59680274,256732089.59680274,103.68667583423074,0.02698093492845493,0.0031794497707378073,0.0004189245518966236,0.09545022051849562,0.0037758368852662603,-40681559.97491307,167051286.6202743
244,790,HD_28024,41,8325.9021,42842,0.6643,0.013639,0.002494,0.000413,0.9574,5270.1,W2,S2,221018_41_HD_28024.pav,258819028.15441635,258819028.15441635,103.68667583423074,0.02468356174455035,0.002604971798621266,0.00043137664508042617,0.08673285729989443,0.002857367046587952,-40681559.97491307,167051286.6202743
245,791,HD_28024,41,8325.9021,42842,0.659,0.012031,0.002263,0.00038,0.9556,5231.0,W2,S2,221018_41_HD_28024.pav,260900577.24275988,260900577.24275988,103.68667583423074,0.02194907215241285,0.0023681456676433654,0.0003976559229803265,0.08198271407004162,0.004413617834111084,-40681559.97491307,167051286.6202743
246,792,HD_28024,41,8325.9021,42842,0.6536,0.011804,0.002495,0.000371,0.9548,5210.5,W2,S2,221018_41_HD_28024.pav,263056120.567593,263056120.567593,103.68667583423074,0.021690556390013056,0.002613112693757855,0.0003885630498533725,0.08859922506611392,0.007282500347346407,-40681559.97491307,167051286.6202743
247,793,HD_28024,41,8325.9021,42842,0.6485,0.011723,0.00266,0.000473,0.9537,4769.6,W2,S2,221018_41_HD_28024.pav,265124873.40474755,265124873.40474755,103.68667583423074,0.021698298850751488,0.0027891370451924085,0.0004959630911188004,0.07982686671177915,0.009266866749008215,-40681559.97491307,167051286.6202743
248,794,HD_28024,41,8325.9021,42842,0.6436,0.009774,0.001765,0.000425,0.955,4796.9,W2,S2,221018_41_HD_28024.pav,267143381.60810876,267143381.60810876,103.68667583423074,0.018174073092735454,0.0018481675392670158,0.0004450261780104712,0.0696477856766743,0.009121723227825637,-40681559.97491307,167051286.6202743
249,795,HD_28024,41,8325.9021,42842,0.6389,0.007475,0.001339,0.000432,0.9579,4783.3,W2,S2,221018_41_HD_28024.pav,269108593.524775,269108593.524775,103.68667583423074,0.013937387255950132,0.0013978494623655914,0.00045098653304102723,0.05330926255854233,0.007175028693054128,-40681559.97491307,167051286.6202743
250,796,HD_28024,41,8325.9021,42842,0.6345,0.006863,0.000946,0.000456,0.9621,4667.0,W2,S2,221018_41_HD_28024.pav,270974752.408162,270974752.408162,103.68667583423074,0.012810467728037768,0.0009832657727886914,0.00047396320548799504,0.05349355993457917,0.008308338476318096,-40681559.97491307,167051286.6202743
251,797,HD_28024,41,8325.9021,42842,0.63,0.005293,0.000333,0.000438,0.9676,4443.5,W2,S2,221018_41_HD_28024.pav,272910286.3539346,272910286.3539346,103.68667583423074,0.00987973260938641,0.00034415047540305914,0.0004526663910706904,0.04379775153144323,0.008651134121449787,-40681559.97491307,167051286.6202743
252,846,HD_28024,45,8325.9115,42842,0.7935,0.007794,0.001908,0.000543,0.9272,2977.8,W2,S2,221018_45_HD_28024.pav,217423878.26825458,217423878.26825458,105.75278422936377,0.013194161717455187,0.0020578084555651424,0.0005856341673856773,0.0809669762249075,0.019560606271772796,-46838562.52904987,166046129.38374195
274,868,HD_28024,45,8325.9115,42842,0.6536,0.00759,0.001588,0.000411,0.9368,4793.0,W2,S2,221018_45_HD_28024.pav,263962434.83148718,263962434.83148718,105.75278422936377,0.014670561523013733,0.0016951323654995731,0.0004387275832621691,0.06881481741273295,0.018139915842283586,-46838562.52904987,166046129.38374195
275,869,HD_28024,45,8325.9115,42842,0.6485,0.008653,0.001347,0.000492,0.9339,4365.1,W2,S2,221018_45_HD_28024.pav,266038315.1979337,266038315.1979337,105.75278422936377,0.01688319274061985,0.0014423385801477675,0.0005268230003212336,0.0663489327334672,0.017642388025934517,-46838562.52904987,166046129.38374195
276,870,HD_28024,45,8325.9115,42842,0.6436,0.008193,0.001371,0.000488,0.9323,4400.3,W2,S2,221018_45_HD_28024.pav,268063777.82141083,268063777.82141083,105.75278422936377,0.016111701619002616,0.0014705566877614503,0.0005234366620186635,0.06363097425778605,0.016060420450448455,-46838562.52904987,166046129.38374195
277,871,HD_28024,45,8325.9115,42842,0.6389,0.006812,0.001311,0.000488,0.9306,4435.1,W2,S2,221018_45_HD_28024.pav,270035760.5350759,270035760.5350759,105.75278422936377,0.013500948499308453,0.001408768536428111,0.0005243928648183967,0.053076657956174306,0.01330052457950858,-46838562.52904987,166046129.38374195
278,872,HD_28024,45,8325.9115,42842,0.6345,0.005789,0.001183,0.000492,0.9272,4360.2,W2,S2,221018_45_HD_28024.pav,271908348.94540584,271908348.94540584,105.75278422936377,0.011580749568565214,0.0012758843830888698,0.0005306298533218292,0.04933788893563583,0.01386104266887804,-46838562.52904987,166046129.38374195
279,873,HD_28024,45,8325.9115,42842,0.63,0.005421,0.000646,0.000526,0.9203,4159.9,W2,S2,221018_45_HD_28024.pav,273850551.437873,273850551.437873,105.75278422936377,0.01099016826507182,0.0007019450179289362,0.0005715527545365641,0.05098267887933324,0.017815886397944534,-46838562.52904987,166046129.38374195
284,926,HD_28024,49,8325.9255,42842,0.7633,0.014614,0.003855,0.000483,0.9547,3439.3,W2,S2,221018_49_HD_28024.pav,227271238.26135108,227271238.26135108,108.7275586216106,0.025081975598152857,0.0040379176704724,0.0005059180894521839,0.15030878958812752,0.014496690004079422,-55697731.655327,164291608.14585263
285,927,HD_28024,49,8325.9255,42842,0.7564,0.011848,0.00273,0.000435,0.9534,3662.4,W2,S2,221018_49_HD_28024.pav,229344442.31212226,229344442.31212226,108.7275586216106,0.020495142551560718,0.002863436123348017,0.00045626179987413466,0.13687067141862175,0.01946545015679418,-55697731.655327,164291608.14585263
294,936,HD_28024,49,8325.9255,42842,0.6977,0.009588,0.002124,0.000287,0.9534,5294.5,W2,S2,221018_49_HD_28024.pav,248640011.70257887,248640011.70257887,108.7275586216106,0.0176173672451905,0.0022278162366268094,0.00030102790014684285,0.11101644629565542,0.01132099310252872,-55697731.655327,164291608.14585263
295,937,HD_28024,49,8325.9255,42842,0.6918,0.010639,0.001913,0.000378,0.9513,4999.3,W2,S2,221018_49_HD_28024.pav,250760532.18399724,250760532.18399724,108.7275586216106,0.019721382310789765,0.0020109324082834014,0.00039735099337748344,0.10492978488434228,0.010360501970949326,-55697731.655327,164291608.14585263
296,938,HD_28024,49,8325.9255,42842,0.686,0.009849,0.00216,0.000315,0.9512,5048.6,W2,S2,221018_49_HD_28024.pav,252880664.96339542,252880664.96339542,108.7275586216106,0.01837981981558069,0.0022708158116063917,0.0003311606391925988,0.09486601518209793,0.012044577845214479,-55697731.655327,164291608.14585263
297,939,HD_28024,49,8325.9255,42842,0.6804,0.009346,0.002172,0.000331,0.9513,5116.3,W2,S2,221018_49_HD_28024.pav,254961987.3087732,254961987.3087732,108.7275586216106,0.01755224668066569,0.00228319142226427,0.0003479449174813413,0.08956052648253698,0.012168974590971682,-55697731.655327,164291608.14585263
298,940,HD_28024,49,8325.9255,42842,0.675,0.009187,0.001576,0.000304,0.9512,5166.1,W2,S2,221018_49_HD_28024.pav,257001683.20724335,257001683.20724335,108.7275586216106,0.017364896861756556,0.0016568544995794784,0.00031959629941127,0.09143859514231716,0.012597695095672516,-55697731.655327,164291608.14585263
299,941,HD_28024,49,8325.9255,42842,0.6697,0.010472,0.001592,0.000409,0.9476,4813.0,W2,S2,221018_49_HD_28024.pav,259035592.3023582,259035592.3023582,108.7275586216106,0.019994717144587257,0.0016800337695230057,0.00043161671591388775,0.08903001594185535,0.013411837483451303,-55697731.655327,164291608.14585263
300,942,HD_28024,49,8325.9255,42842,0.6643,0.009249,0.001063,0.000389,0.9475,4800.1,W2,S2,221018_49_HD_28024.pav,261141255.70508698,261141255.70508698,108.7275586216106,0.017776652607936583,0.001121899736147757,0.00041055408970976255,0.0801865672715878,0.012653219681511636,-55697731.655327,164291608.14585263
301,943,HD_28024,49,8325.9255,42842,0.659,0.008361,0.001047,0.000385,0.9477,4740.7,W2,S2,221018_49_HD_28024.pav,263241481.2820778,263241481.2820778,108.7275586216106,0.016171008501420045,0.0011047799936688826,0.00040624670254299885,0.07632238675919305,0.013030172990752056,-55697731.655327,164291608.14585263
302,944,HD_28024,49,8325.9255,42842,0.6536,0.006863,0.001234,0.000365,0.9474,4662.4,W2,S2,221018_49_HD_28024.pav,265416365.0013606,265416365.0013606,108.7275586216106,0.013367369131427343,0.0013025121384842727,0.0003852649356132573,0.06957396912819604,0.013255099949328402,-55697731.655327,164291608.14585263
303,945,HD_28024,49,8325.9255,42842,0.6485,0.006471,0.00114,0.000469,0.9431,4261.0,W2,S2,221018_49_HD_28024.pav,267503679.51409295,267503679.51409295,108.7275586216106,0.012742830982543363,0.001208779556780829,0.0004972961509914113,0.05426983777636096,0.010655146471714536,-55697731.655327,164291608.14585263
304,946,HD_28024,49,8325.9255,42842,0.6436,0.006572,0.001062,0.000396,0.9441,4301.4,W2,S2,221018_49_HD_28024.pav,269540298.5781375,269540298.5781375,108.7275586216106,0.013009112321515711,0.0011248808388941848,0.00041944709246901805,0.05738658124242324,0.011067897467681534,-55697731.655327,164291608.14585263
305,947,HD_28024,49,8325.9255,42842,0.6389,0.005222,0.001013,0.00045,0.9455,4296.9,W2,S2,221018_49_HD_28024.pav,271523143.15994567,271523143.15994567,108.7275586216106,0.010384594843296575,0.0010713907985193019,0.0004759386567953464,0.04845204559232325,0.010989880793775735,-55697731.655327,164291608.14585263
306,948,HD_28024,49,8325.9255,42842,0.6345,0.004491,0.00074,0.000438,0.946,4199.6,W2,S2,221018_49_HD_28024.pav,273406045.96515256,273406045.96515256,108.7275586216106,0.008977699707377917,0.0007822410147991543,0.0004630021141649049,0.043832573470089294,0.010786164041383798,-55697731.655327,164291608.14585263
307,949,HD_28024,49,8325.9255,42842,0.63,0.003893,2.2e-05,0.000477,0.9453,3994.3,W2,S2,221018_49_HD_28024.pav,275358946.29347503,275358946.29347503,108.7275586216106,0.007834674713502634,2.3273035015339043e-05,0.0005046017137416693,0.04483046870809449,0.016394365433140504,-55697731.655327,164291608.14585263
308,998,HD_28024,51,8325.9343,42842,0.7935,0.006945,0.001329,0.00051,0.9334,2635.2,W2,S2,221018_51_HD_28024.pav,219396956.06784353,219396956.06784353,110.52839454364374,0.011833248551934699,0.0014238268695093209,0.0005463895436040283,0.07448754244874616,0.018746540224153077,-61048927.73548666,163036417.5466599
309,999,HD_28024,51,8325.9343,42842,0.7857,0.008348,0.001998,0.000535,0.9335,2788.7,W2,S2,221018_51_HD_28024.pav,221575009.08722648,221575009.08722648,110.52839454364374,0.014318970775747931,0.002140332083556508,0.0005731119442956615,0.08555413846351355,0.015819236827506973,-61048927.73548666,163036417.5466599
310,1000,HD_28024,51,8325.9343,42842,0.7779,0.010995,0.002675,0.000505,0.9345,2922.5,W2,S2,221018_51_HD_28024.pav,223796740.76338068,223796740.76338068,110.52839454364374,0.018969977905380273,0.002862493311931514,0.0005403959336543607,0.11005229024611762,0.01807577926181928,-61048927.73548666,163036417.5466599
312,1002,HD_28024,51,8325.9343,42842,0.7633,0.014474,0.003679,0.00049,0.9389,3021.1,W2,S2,221018_51_HD_28024.pav,228077406.8385089,228077406.8385089,110.52839454364374,0.025188872631751572,0.003918415166684418,0.0005218873149430185,0.13917437190590026,0.016521301246502706,-61048927.73548666,163036417.5466599
313,1003,HD_28024,51,8325.9343,42842,0.7564,0.012066,0.002905,0.000442,0.9408,3212.1,W2,S2,221018_51_HD_28024.pav,230157964.88608387,230157964.88608387,110.52839454364374,0.021092129663227405,0.0030877976190476194,0.00046981292517006806,0.11963761568120035,0.01707536397502166,-61048927.73548666,163036417.5466599
315,1005,HD_28024,51,8325.9343,42842,0.7428,0.005675,0.001705,0.000421,0.9404,3697.0,W2,S2,221018_51_HD_28024.pav,234371950.24210262,234371950.24210262,110.52839454364374,0.01005545660493941,0.001813058273075287,0.00044768183751595065,0.05789700802418383,0.015554751153532824,-61048927.73548666,163036417.5466599
316,1006,HD_28024,51,8325.9343,42842,0.736,0.004992,0.001745,0.000354,0.9405,3963.6,W2,S2,221018_51_HD_28024.pav,236537343.2606438,236537343.2606438,110.52839454364374,0.008904101629387427,0.0018553960659223817,0.0003763955342902711,0.05391496220477326,0.015772706648833873,-61048927.73548666,163036417.5466599
317,1007,HD_28024,51,8325.9343,42842,0.7292,0.006734,0.002084,0.000349,0.9411,4130.5,W2,S2,221018_51_HD_28024.pav,238743122.10619015,238743122.10619015,110.52839454364374,0.012086282024040898,0.0022144299224311974,0.0003708426309637658,0.0706120421474352,0.019403415913433943,-61048927.73548666,163036417.5466599
318,1008,HD_28024,51,8325.9343,42842,0.7223,0.005621,0.001479,0.000364,0.9416,4272.4,W2,S2,221018_51_HD_28024.pav,241023791.55452558,241023791.55452558,110.52839454364374,0.010154876981567106,0.001570730671197961,0.00038657604078164826,0.060568342909036316,0.016047593106422856,-61048927.73548666,163036417.5466599
319,1009,HD_28024,51,8325.9343,42842,0.7159,0.004281,0.001263,0.00035,0.9399,4217.7,W2,S2,221018_51_HD_28024.pav,243178495.0968485,243178495.0968485,110.52839454364374,0.007800000282610735,0.0013437599744653688,0.000372380040429833,0.0419619605626549,0.010993146931051603,-61048927.73548666,163036417.5466599
320,1010,HD_28024,51,8325.9343,42842,0.7095,0.004958,0.001172,0.000322,0.9399,4405.7,W2,S2,221018_51_HD_28024.pav,245372071.37397298,245372071.37397298,110.52839454364374,0.009095228556132083,0.0012469411639536123,0.0003425896371954464,0.04805963963166832,0.011461286329212955,-61048927.73548666,163036417.5466599
321,1011,HD_28024,51,8325.9343,42842,0.7035,0.006074,0.001358,0.000334,0.9397,4567.5,W2,S2,221018_51_HD_28024.pav,247464796.92940134,247464796.92940134,110.52839454364374,0.011217258481259316,0.0014451420666170055,0.0003554325848675109,0.06413222806939359,0.014112276700317573,-61048927.73548666,163036417.5466599
322,1012,HD_28024,51,8325.9343,42842,0.6977,0.007866,0.001771,0.000343,0.9397,4674.5,W2,S2,221018_51_HD_28024.pav,249521978.84453753,249521978.84453753,110.52839454364374,0.014619399276198349,0.0018846440353304246,0.0003650101096094498,0.08582419883609806,0.01249238451263102,-61048927.73548666,163036417.5466599
323,1013,HD_28024,51,8325.9343,42842,0.6918,0.009671,0.001703,0.000426,0.9378,4459.1,W2,S2,221018_51_HD_28024.pav,251650021.16194543,251650021.16194543,110.52839454364374,0.018129550172734023,0.0018159522286201751,0.000454254638515675,0.09307705434695542,0.014177907501543605,-61048927.73548666,163036417.5466599
324,1014,HD_28024,51,8325.9343,42842,0.686,0.00905,0.001564,0.000382,0.9386,4529.1,W2,S2,221018_51_HD_28024.pav,253777674.40209013,253777674.40209013,110.52839454364374,0.017062553494049233,0.0016663115278073729,0.0004069891327509056,0.08231409550164175,0.016112778420274174,-61048927.73548666,163036417.5466599
325,1015,HD_28024,51,8325.9343,42842,0.6804,0.008395,0.001337,0.000419,0.9391,4602.0,W2,S2,221018_51_HD_28024.pav,255866379.54120198,255866379.54120198,110.52839454364374,0.015921387164864527,0.0014237035459482483,0.00044617186668086464,0.07717425141254458,0.015958309071507776,-61048927.73548666,163036417.5466599
326,1016,HD_28024,51,8325.9343,42842,0.675,0.008529,0.001599,0.000385,0.9399,4661.8,W2,S2,221018_51_HD_28024.pav,257913310.5775316,257913310.5775316,110.52839454364374,0.016264132783701292,0.0017012448132780083,0.00040961804447281627,0.08156792398807426,0.016743086477440657,-61048927.73548666,163036417.5466599
327,1017,HD_28024,51,8325.9343,42842,0.6697,0.008512,0.001435,0.000424,0.9375,4331.8,W2,S2,221018_51_HD_28024.pav,259954434.28375965,259954434.28375965,110.52839454364374,0.016375621555195376,0.0015306666666666667,0.0004522666666666667,0.06573464565706297,0.012073545125674752,-61048927.73548666,163036417.5466599
328,1018,HD_28024,51,8325.9343,42842,0.6643,0.007515,0.001371,0.000403,0.9387,4286.1,W2,S2,221018_51_HD_28024.pav,262067566.82196873,262067566.82196873,110.52839454364374,0.014533076243080817,0.0014605305209332057,0.0004293171407265367,0.05912256168505003,0.01193089092742566,-61048927.73548666,163036417.5466599
329,1019,HD_28024,51,8325.9343,42842,0.659,0.007047,0.001438,0.000457,0.9393,4223.2,W2,S2,221018_51_HD_28024.pav,264175242.24557486,264175242.24557486,110.52839454364374,0.013707781410087902,0.0015309272862770147,0.00048653252422016394,0.05653366841416012,0.011433804964763875,-61048927.73548666,163036417.5466599
330,1020,HD_28024,51,8325.9343,42842,0.6536,0.005738,0.001474,0.000432,0.9393,4180.5,W2,S2,221018_51_HD_28024.pav,266357840.6362207,266357840.6362207,110.52839454364374,0.011236279942399155,0.0015692536995635048,0.00045991695943787923,0.04830663435474981,0.009784985706072894,-61048927.73548666,163036417.5466599
331,1021,HD_28024,51,8325.9343,42842,0.6485,0.006262,0.001647,0.000501,0.9347,3847.8,W2,S2,221018_51_HD_28024.pav,268452559.1978934,268452559.1978934,110.52839454364374,0.012401856605069072,0.0017620626939124854,0.0005360008558895903,0.04379920058897914,0.007886927211938307,-61048927.73548666,163036417.5466599
332,1022,HD_28024,51,8325.9343,42842,0.6436,0.006466,0.000438,0.000528,0.9349,3898.3,W2,S2,221018_51_HD_28024.pav,270496402.485758,270496402.485758,110.52839454364374,0.012883383255391666,0.00046849930473847473,0.0005647662851641888,0.04715307415539011,0.009670248941639035,-61048927.73548666,163036417.5466599
333,1023,HD_28024,51,8325.9343,42842,0.6389,0.005814,0.000451,0.000513,0.9344,3912.6,W2,S2,221018_51_HD_28024.pav,272486280.5444261,272486280.5444261,110.52839454364374,0.011660869146458138,0.0004826626712328767,0.0005490154109589041,0.04258889570352632,0.00842525763338148,-61048927.73548666,163036417.5466599
334,1024,HD_28024,51,8325.9343,42842,0.6345,0.005695,0.001137,0.000501,0.9327,3833.7,W2,S2,221018_51_HD_28024.pav,274375862.316523,274375862.316523,110.52839454364374,0.011508974528018657,0.0012190414924412995,0.0005371502090704407,0.04282021109619184,0.007565302002227722,-61048927.73548666,163036417.5466599
335,1025,HD_28024,51,8325.9343,42842,0.63,0.002754,0.000631,0.000574,0.9277,3637.8,W2,S2,221018_51_HD_28024.pav,276335689.90449816,276335689.90449816,110.52839454364374,0.005628977818462462,0.000680176781287054,0.0006187345046890159,0.02228981699452369,0.005729852549900823,-61048927.73548666,163036417.5466599
349,1125,HD_28024,4,8325.9785,42842,0.7035,0.019937,0.003377,0.000514,0.881,3344.3,E2,W2,221018_4_HD_28024.pav,211281326.5325554,211281326.5325554,33.20717217169275,0.040368499517516705,0.003833144154370034,0.000583427922814983,0.22952297836785962,0.0072761809088654735,124363457.31789908,81403401.75664257
350,1126,HD_28024,4,8325.9785,42842,0.6977,0.019019,0.003064,0.000568,0.8819,3441.2,E2,W2,221018_4_HD_28024.pav,213037714.22624728,213037714.22624728,33.20717217169275,0.038723814573482424,0.003474316815965529,0.0006440639528291189,0.18888729375192373,0.0050370607019833155,124363457.31789908,81403401.75664257
351,1127,HD_28024,4,8325.9785,42842,0.6918,0.019618,0.00306,0.000581,0.8816,3281.1,E2,W2,221018_4_HD_28024.pav,214854601.35249022,214854601.35249022,33.20717217169275,0.04022910140743534,0.0034709618874773137,0.0006590290381125227,0.16595274719720948,0.008805244670003647,124363457.31789908,81403401.75664257
352,1128,HD_28024,4,8325.9785,42842,0.686,0.019785,0.00375,0.000545,0.8827,3312.7,E2,W2,221018_4_HD_28024.pav,216671156.29103896,216671156.29103896,33.20717217169275,0.04079568762032613,0.0042483289905970315,0.0006174238133001019,0.16633807962153138,0.005995435651372592,124363457.31789908,81403401.75664257
353,1129,HD_28024,4,8325.9785,42842,0.6804,0.019006,0.003634,0.00051,0.8843,3339.3,E2,W2,221018_4_HD_28024.pav,218454457.9889076,218454457.9889076,33.20717217169275,0.039378824748902266,0.004109465113649215,0.0005767273549700328,0.16513810302937865,0.004644416607599134,124363457.31789908,81403401.75664257
354,1130,HD_28024,4,8325.9785,42842,0.675,0.019757,0.003424,0.000522,0.8864,3354.4,E2,W2,221018_4_HD_28024.pav,220202093.65281886,220202093.65281886,33.20717217169275,0.04110420715491858,0.0038628158844765345,0.000588898916967509,0.1749067113707039,0.004282881811436217,124363457.31789908,81403401.75664257
355,1131,HD_28024,4,8325.9785,42842,0.6697,0.020561,0.003571,0.000585,0.8866,3093.3,E2,W2,221018_4_HD_28024.pav,221944771.11490628,221944771.11490628,33.20717217169275,0.04304396181306305,0.004027746447101285,0.0006598240469208211,0.16256769821189296,0.005282593240486431,124363457.31789908,81403401.75664257
356,1132,HD_28024,4,8325.9785,42842,0.6643,0.019046,0.002978,0.000647,0.8884,3072.0,E2,W2,221018_4_HD_28024.pav,223748928.51972413,223748928.51972413,33.20717217169275,0.04005804669913266,0.00335209365150833,0.0007282755515533543,0.15885481309113794,0.003074365529431402,124363457.31789908,81403401.75664257
357,1133,HD_28024,4,8325.9785,42842,0.659,0.017791,0.002966,0.000592,0.8904,3054.8,E2,W2,221018_4_HD_28024.pav,225548426.73088425,225548426.73088425,33.20717217169275,0.03758378242966737,0.003331087151841869,0.000664869721473495,0.15831467172664326,0.003254267862851275,124363457.31789908,81403401.75664257
358,1134,HD_28024,4,8325.9785,42842,0.6536,0.01714,0.002012,0.00058,0.8916,3037.5,E2,W2,221018_4_HD_28024.pav,227411892.9248053,227411892.9248053,33.20717217169275,0.036408897609456925,0.002256617317182593,0.0006505159264244056,0.1564176755841827,0.0035701094071196727,124363457.31789908,81403401.75664257
359,1135,HD_28024,4,8325.9785,42842,0.6485,0.019497,0.002738,0.000677,0.8892,2798.6,E2,W2,221018_4_HD_28024.pav,229200328.78281072,229200328.78281072,33.20717217169275,0.04180136344454878,0.0030791722896986056,0.0007613585245164192,0.1556256846670607,0.0031835750308041614,124363457.31789908,81403401.75664257
360,1136,HD_28024,4,8325.9785,42842,0.6436,0.019148,0.002374,0.000738,0.8885,2848.1,E2,W2,221018_4_HD_28024.pav,230945328.17845362,230945328.17845362,33.20717217169275,0.04134982927193884,0.0026719189645469893,0.0008306133933595949,0.1599835529191306,0.003521433538585482,124363457.31789908,81403401.75664257
361,1137,HD_28024,4,8325.9785,42842,0.6389,0.017865,0.002412,0.000692,0.8856,2879.9,E2,W2,221018_4_HD_28024.pav,232644252.95923108,232644252.95923108,33.20717217169275,0.03894726931883122,0.002723577235772358,0.0007813911472448057,0.16162140707512454,0.007282179964651471,124363457.31789908,81403401.75664257
362,1138,HD_28024,4,8325.9785,42842,0.6345,0.015444,0.002914,0.000689,0.8789,2857.1,E2,W2,221018_4_HD_28024.pav,234257546.43916902,234257546.43916902,33.20717217169275,0.034126516829299854,0.0033155080213903743,0.000783934463533963,0.16050147345900134,0.008425165814454839,124363457.31789908,81403401.75664257
366,1190,HD_28024,7,8325.9911,42842,0.7779,0.02877,0.005537,0.00086,0.9006,2417.9,E2,W2,221018_7_HD_28024.pav,186992555.8139444,186992555.8139444,35.82219662331671,0.05980221012331283,0.006148123473240063,0.0009549189429269376,0.503817972615551,0.0114100545196826,117945594.52386016,85134525.2042234
367,1191,HD_28024,7,8325.9911,42842,0.7706,0.026627,0.004751,0.000817,0.8989,2368.3,E2,W2,221018_7_HD_28024.pav,188763962.065491,188763962.065491,35.82219662331671,0.05588891703466431,0.00528534875959506,0.0009088886416731561,0.3557023148599683,0.00726303999912895,117945594.52386016,85134525.2042234
368,1192,HD_28024,7,8325.9911,42842,0.7633,0.025299,0.004597,0.000793,0.8987,2425.8,E2,W2,221018_7_HD_28024.pav,190569250.8419591,190569250.8419591,35.82219662331671,0.053538673949409456,0.005115166351396461,0.0008823856681873817,0.37961566904976457,0.013502935548284333,117945594.52386016,85134525.2042234
369,1193,HD_28024,7,8325.9911,42842,0.7564,0.024673,0.004252,0.000737,0.8994,2584.7,E2,W2,221018_7_HD_28024.pav,192307653.57967657,192307653.57967657,35.82219662331671,0.052574868741495015,0.004727596175227929,0.0008194351790082277,0.4651639789711416,0.01582336504953149,117945594.52386016,85134525.2042234
377,1201,HD_28024,7,8325.9911,42842,0.7035,0.017831,0.002429,0.000592,0.9,3597.3,E2,W2,221018_7_HD_28024.pav,206768314.381901,206768314.381901,35.82219662331671,0.04043740642524983,0.002698888888888889,0.0006577777777777777,0.23447370860042996,0.01034902086602821,117945594.52386016,85134525.2042234
378,1202,HD_28024,7,8325.9911,42842,0.6977,0.016996,0.002393,0.000572,0.8992,3679.6,E2,W2,221018_7_HD_28024.pav,208487185.27686307,208487185.27686307,35.82219662331671,0.038864001915934095,0.0026612544483985766,0.0006361209964412812,0.18488909230198586,0.006502047644727029,117945594.52386016,85134525.2042234
379,1203,HD_28024,7,8325.9911,42842,0.6918,0.017871,0.002308,0.000613,0.8975,3499.0,E2,W2,221018_7_HD_28024.pav,210265263.32417947,210265263.32417947,35.82219662331671,0.041255419561577744,0.002571587743732591,0.0006830083565459611,0.1596092303529296,0.007904679061504313,117945594.52386016,85134525.2042234
380,1204,HD_28024,7,8325.9911,42842,0.686,0.019079,0.002472,0.000609,0.8963,3531.2,E2,W2,221018_7_HD_28024.pav,212043016.27939847,212043016.27939847,35.82219662331671,0.044439491962580686,0.0027580051322101972,0.0006794600022313957,0.17393722814794102,0.006163607730123088,117945594.52386016,85134525.2042234
381,1205,HD_28024,7,8325.9911,42842,0.6804,0.017006,0.001926,0.000568,0.896,3539.3,E2,W2,221018_7_HD_28024.pav,213788226.2899285,213788226.2899285,35.82219662331671,0.03992017998007599,0.0021495535714285714,0.0006339285714285714,0.16247845303397984,0.0037626930220459555,117945594.52386016,85134525.2042234
382,1206,HD_28024,7,8325.9911,42842,0.675,0.015959,0.002001,0.000544,0.8959,3531.1,E2,W2,221018_7_HD_28024.pav,215498532.10024792,215498532.10024792,35.82219662331671,0.03773926580352334,0.00223350820404063,0.0006072106261859582,0.15682873912879441,0.0032660303625983503,117945594.52386016,85134525.2042234
383,1207,HD_28024,7,8325.9911,42842,0.6697,0.016876,0.001956,0.000616,0.8952,3272.4,E2,W2,221018_7_HD_28024.pav,217203985.61694396,217203985.61694396,35.82219662331671,0.04022807011119272,0.0021849865951742626,0.0006881143878462913,0.1461542281638768,0.0044067259557905285,117945594.52386016,85134525.2042234
384,1208,HD_28024,7,8325.9911,42842,0.6643,0.015521,0.002443,0.000655,0.8959,3253.8,E2,W2,221018_7_HD_28024.pav,218969605.85227662,218969605.85227662,35.82219662331671,0.037245566678429654,0.00272686683781672,0.0007311083826319902,0.1473831588356619,0.00545660070671645,117945594.52386016,85134525.2042234
385,1209,HD_28024,7,8325.9911,42842,0.659,0.014549,0.001847,0.000624,0.8959,3183.8,E2,W2,221018_7_HD_28024.pav,220730666.4152767,220730666.4152767,35.82219662331671,0.035172671476722574,0.0020616140194218103,0.0006965063065074227,0.1463455739838014,0.004023678975890596,117945594.52386016,85134525.2042234
386,1210,HD_28024,7,8325.9911,42842,0.6536,0.01509,0.002222,0.000624,0.8951,3138.8,E2,W2,221018_7_HD_28024.pav,222554328.59190235,222554328.59190235,35.82219662331671,0.03679346419139792,0.0024824042006479723,0.0006971288124231929,0.15961819551779663,0.0045946968802790256,117945594.52386016,85134525.2042234
387,1211,HD_28024,7,8325.9911,42842,0.6485,0.017758,0.002521,0.000705,0.8927,2915.7,E2,W2,221018_7_HD_28024.pav,224304563.0958633,224304563.0958633,35.82219662331671,0.043733412858978894,0.002824017026996751,0.000789738994062955,0.16374694501021406,0.004076177429472282,117945594.52386016,85134525.2042234
388,1212,HD_28024,7,8325.9911,42842,0.6436,0.016976,0.001868,0.000732,0.8906,2971.9,E2,W2,221018_7_HD_28024.pav,226012288.94914135,226012288.94914135,35.82219662331671,0.042204692356014525,0.0020974623849090504,0.0008219178082191781,0.1636577746846839,0.007140503098144188,117945594.52386016,85134525.2042234
389,1213,HD_28024,7,8325.9911,42842,0.6389,0.015343,0.001182,0.000649,0.8871,2982.6,E2,W2,221018_7_HD_28024.pav,227674924.350708,227674924.350708,35.82219662331671,0.03856024432773579,0.0013324315184308421,0.0007315973396460376,0.16512704552209986,0.008065539863232742,117945594.52386016,85134525.2042234
390,1214,HD_28024,7,8325.9911,42842,0.6345,0.013502,0.001739,0.000667,0.8815,2927.6,E2,W2,221018_7_HD_28024.pav,229253757.55345526,229253757.55345526,35.82219662331671,0.034372810591993284,0.0019727736812251845,0.0007566647759500851,0.16594657997478748,0.015615873711871687,117945594.52386016,85134525.2042234
395,1267,HD_28024,12,8326.0051,42842,0.7706,0.033077,0.007761,0.000695,0.9485,3481.8,E2,W2,221018_12_HD_28024.pav,183589968.42784187,183589968.42784187,39.0006631510475,0.0607693852118162,0.008182393252503953,0.0007327358987875592,0.36871615309670774,0.018040310609820337,109945251.18045115,89034015.9346939
405,1277,HD_28024,12,8326.0051,42842,0.7035,0.022815,0.004177,0.000539,0.9534,5349.9,E2,W2,221018_12_HD_28024.pav,201100823.98080304,201100823.98080304,39.0006631510475,0.04485300231644484,0.004381162156492553,0.000565345080763583,0.2532310190288383,0.009102118425594982,109945251.18045115,89034015.9346939
406,1278,HD_28024,12,8326.0051,42842,0.6977,0.022334,0.003524,0.00057,0.9536,5477.6,E2,W2,221018_12_HD_28024.pav,202772580.866411,202772580.866411,39.0006631510475,0.04420156406205129,0.003695469798657718,0.000597734899328859,0.22001226519844508,0.008848657661238522,109945251.18045115,89034015.9346939
407,1279,HD_28024,12,8326.0051,42842,0.6918,0.02504,0.004044,0.000611,0.9532,5229.1,E2,W2,221018_12_HD_28024.pav,204501922.04465878,204501922.04465878,39.0006631510475,0.04993202558528372,0.0042425514057910195,0.0006409987410826689,0.20593872822363182,0.01053856150282857,109945251.18045115,89034015.9346939
408,1280,HD_28024,12,8326.0051,42842,0.686,0.024388,0.003972,0.000546,0.9535,5314.5,E2,W2,221018_12_HD_28024.pav,206230947.0415378,206230947.0415378,39.0006631510475,0.048963040021169905,0.004165705296276874,0.000572627163083377,0.20099119644074703,0.008002466556171713,109945251.18045115,89034015.9346939
409,1281,HD_28024,12,8326.0051,42842,0.6804,0.023985,0.003441,0.000496,0.954,5361.9,E2,W2,221018_12_HD_28024.pav,207928321.0912624,207928321.0912624,39.0006631510475,0.048463980798328615,0.003606918238993711,0.000519916142557652,0.20410288691859393,0.006142575330235153,109945251.18045115,89034015.9346939
410,1282,HD_28024,12,8326.0051,42842,0.675,0.022964,0.003265,0.00049,0.9546,5351.0,E2,W2,221018_12_HD_28024.pav,209591747.6599925,209591747.6599925,39.0006631510475,0.04668803732747833,0.0034202807458621415,0.0005133040016760947,0.1989459611408883,0.004704720768212682,109945251.18045115,89034015.9346939
411,1283,HD_28024,12,8326.0051,42842,0.6697,0.025393,0.002839,0.000534,0.9547,4907.0,E2,W2,221018_12_HD_28024.pav,211250454.9357846,211250454.9357846,39.0006631510475,0.05197178403243649,0.0029737090185398556,0.0005593380119409238,0.19233268742563636,0.003168477243868339,109945251.18045115,89034015.9346939
412,1284,HD_28024,12,8326.0051,42842,0.6643,0.023181,0.00317,0.000565,0.9549,4844.5,E2,W2,221018_12_HD_28024.pav,212967679.7689221,212967679.7689221,39.0006631510475,0.04776689681968251,0.0033197193423395123,0.0005916849931930045,0.18659446929551426,0.003576543499672698,109945251.18045115,89034015.9346939
413,1285,HD_28024,12,8326.0051,42842,0.659,0.02219,0.003384,0.000534,0.9544,4776.3,E2,W2,221018_12_HD_28024.pav,214680469.909704,214680469.909704,39.0006631510475,0.04606758374648898,0.0035456831517183566,0.0005595138306789606,0.18875627986001564,0.0037992114750904755,109945251.18045115,89034015.9346939
414,1286,HD_28024,12,8326.0051,42842,0.6536,0.022163,0.003095,0.000542,0.9546,4714.1,E2,W2,221018_12_HD_28024.pav,216454145.76269117,216454145.76269117,39.0006631510475,0.04633340962542882,0.003242195684056149,0.0005677770794049863,0.20000783959529983,0.0030352108862077625,109945251.18045115,89034015.9346939
415,1287,HD_28024,12,8326.0051,42842,0.6485,0.024165,0.003326,0.000613,0.9549,4338.4,E2,W2,221018_12_HD_28024.pav,218156406.58518884,218156406.58518884,39.0006631510475,0.050851642314915776,0.003483087234265368,0.0006419520368624987,0.19121606899423108,0.002738754584610882,109945251.18045115,89034015.9346939
416,1288,HD_28024,12,8326.0051,42842,0.6436,0.023306,0.00301,0.000602,0.9567,4420.9,E2,W2,221018_12_HD_28024.pav,219817323.91313696,219817323.91313696,39.0006631510475,0.04927995603328766,0.003146231838611895,0.000629246367722379,0.18961066801875726,0.0035033360893764894,109945251.18045115,89034015.9346939
417,1289,HD_28024,12,8326.0051,42842,0.6389,0.021805,0.002911,0.000575,0.9595,4433.7,E2,W2,221018_12_HD_28024.pav,221434386.71231014,221434386.71231014,39.0006631510475,0.046270959702812066,0.0030338718082334546,0.0005992704533611256,0.19219347820580848,0.007726035803739601,109945251.18045115,89034015.9346939
418,1290,HD_28024,12,8326.0051,42842,0.6345,0.020784,0.002569,0.000558,0.9633,4353.7,E2,W2,221018_12_HD_28024.pav,222969944.31914097,222969944.31914097,39.0006631510475,0.04420187075631706,0.0026668742863074847,0.0005792587978822797,0.20351502178698133,0.01406008633227183,109945251.18045115,89034015.9346939
422,1342,HD_28024,15,8326.0158,42842,0.7779,0.031286,0.006187,0.000668,0.9403,3234.6,E2,W2,221018_15_HD_28024.pav,177623670.57137752,177623670.57137752,41.64683749898211,0.05987276510647257,0.006579814952674678,0.0007104115707752844,0.5024996152702499,0.010150453944300456,103250817.95178325,91821412.53264937
423,1343,HD_28024,15,8326.0158,42842,0.7706,0.033156,0.007095,0.000711,0.9422,3172.7,E2,W2,221018_15_HD_28024.pav,179306324.08185127,179306324.08185127,41.64683749898211,0.06380327426132275,0.00753024835491403,0.000754616854171089,0.4098538513462802,0.010594017041539734,103250817.95178325,91821412.53264937
424,1344,HD_28024,15,8326.0158,42842,0.7633,0.03021,0.006437,0.000704,0.9444,3231.7,E2,W2,221018_15_HD_28024.pav,181021162.50160435,181021162.50160435,41.64683749898211,0.058446138548890914,0.006815967810249894,0.0007454468445573909,0.4154324713502694,0.007586435332260637,103250817.95178325,91821412.53264937
433,1353,HD_28024,15,8326.0158,42842,0.7035,0.025982,0.004108,0.000564,0.9492,4891.1,E2,W2,221018_15_HD_28024.pav,196408604.60195392,196408604.60195392,41.64683749898211,0.05354011835749586,0.004327855035819637,0.0005941845764854615,0.31442352652116173,0.005759728355040734,103250817.95178325,91821412.53264937
434,1354,HD_28024,15,8326.0158,42842,0.6977,0.02426,0.004068,0.000581,0.9497,5020.2,E2,W2,221018_15_HD_28024.pav,198041354.93403265,198041354.93403265,41.64683749898211,0.05032420274119723,0.004283457934084447,0.0006117721385700748,0.24764401066133246,0.01066777245362682,103250817.95178325,91821412.53264937
435,1355,HD_28024,15,8326.0158,42842,0.6918,0.027049,0.004202,0.000611,0.9497,4727.4,E2,W2,221018_15_HD_28024.pav,199730345.96339202,199730345.96339202,41.64683749898211,0.056524555319087545,0.004424555122670317,0.0006433610613878067,0.23121921183161742,0.013992722156343283,103250817.95178325,91821412.53264937
436,1356,HD_28024,15,8326.0158,42842,0.686,0.026477,0.004075,0.000555,0.9504,4748.5,E2,W2,221018_15_HD_28024.pav,201419028.18873844,201419028.18873844,41.64683749898211,0.055696508623072565,0.00428766835016835,0.0005839646464646465,0.22640298902008188,0.010435613205672946,103250817.95178325,91821412.53264937
437,1357,HD_28024,15,8326.0158,42842,0.6804,0.026345,0.003809,0.000538,0.9508,4829.5,E2,W2,221018_15_HD_28024.pav,203076797.96806964,203076797.96806964,41.64683749898211,0.05579607325303507,0.0040061001262095075,0.0005658392932267564,0.2329049979793238,0.007778399603461751,103250817.95178325,91821412.53264937
438,1358,HD_28024,15,8326.0158,42842,0.675,0.024865,0.00408,0.000539,0.9516,4905.9,E2,W2,221018_15_HD_28024.pav,204701412.35181418,204701412.35181418,41.64683749898211,0.05298952053870811,0.004287515762925599,0.0005664144598570828,0.22529974317926754,0.007763851442289425,103250817.95178325,91821412.53264937
439,1359,HD_28024,15,8326.0158,42842,0.6697,0.027643,0.004618,0.000625,0.9519,4522.3,E2,W2,221018_15_HD_28024.pav,206321417.5563306,206321417.5563306,41.64683749898211,0.05930444576525983,0.004851349931715516,0.0006565815736947159,0.2218910199369683,0.008136981729490992,103250817.95178325,91821412.53264937
440,1360,HD_28024,15,8326.0158,42842,0.6643,0.02565,0.003666,0.000597,0.9526,4406.9,E2,W2,221018_15_HD_28024.pav,207998574.9472747,207998574.9472747,41.64683749898211,0.05538686162593146,0.0038484148645811463,0.0006267058576527398,0.2208943249303737,0.0030959105787599504,103250817.95178325,91821412.53264937
441,1361,HD_28024,15,8326.0158,42842,0.659,0.023628,0.003773,0.000599,0.9536,4292.9,E2,W2,221018_15_HD_28024.pav,209671401.1190813,209671401.1190813,41.64683749898211,0.05133489607468185,0.0039565855704697984,0.0006281459731543624,0.21142133232125693,0.005111660049054755,103250817.95178325,91821412.53264937
442,1362,HD_28024,15,8326.0158,42842,0.6536,0.023492,0.003511,0.000606,0.9549,4270.4,E2,W2,221018_15_HD_28024.pav,211403692.3767971,211403692.3767971,41.64683749898211,0.051349885993331075,0.00367682479840821,0.0006346214263273641,0.2231283003713831,0.003200012280901811,103250817.95178325,91821412.53264937
443,1363,HD_28024,15,8326.0158,42842,0.6485,0.025865,0.003194,0.000679,0.9549,3956.6,E2,W2,221018_15_HD_28024.pav,213066234.90743962,213066234.90743962,41.64683749898211,0.05694004529752346,0.0033448528641742588,0.0007110692219080533,0.21108021463104298,0.005107556897189434,103250817.95178325,91821412.53264937
444,1364,HD_28024,15,8326.0158,42842,0.6436,0.026186,0.002816,0.000704,0.9567,4016.6,E2,W2,221018_15_HD_28024.pav,214688398.59769204,214688398.59769204,41.64683749898211,0.057936544406216116,0.0029434514476847497,0.0007358628619211874,0.22214311359476882,0.0070301584984498,103250817.95178325,91821412.53264937
445,1365,HD_28024,15,8326.0158,42842,0.6389,0.025577,0.003092,0.000663,0.9599,4044.9,E2,W2,221018_15_HD_28024.pav,216267731.0024645,216267731.0024645,41.64683749898211,0.0567798515083266,0.0032211688717574747,0.0006906969475987081,0.24000433912123809,0.008183600941299475,103250817.95178325,91821412.53264937
446,1366,HD_28024,15,8326.0158,42842,0.6345,0.024112,0.00338,0.000667,0.9637,4006.2,E2,W2,221018_15_HD_28024.pav,217767459.94873852,217767459.94873852,41.64683749898211,0.05365659896868513,0.003507315554633185,0.0006921241050119331,0.2546139504909702,0.017068493450841837,103250817.95178325,91821412.53264937
